node_number;x[m];y[m];z[m]
1.0;0.0;0.0;-0
2.0;0.0;-0.1;0.000377456511725
3.0;0.0;-0.2;0.000719050057446
4.0;0.0;-0.3;-0.00263208897246
5.0;0.0;-0.4;-0.0118616409126
6.0;0.0;-0.5;-0.0249358393785
7.0;0.0;-0.6;-0.0396245355403
8.0;0.0;-0.7;-0.0547350289061
9.0;0.0;-0.8;-0.069920454119
10.0;0.0;-0.9;-0.0856038262994
11.0;0.0;-1.0;-0.102452488587
12.0;0.0;-1.1;-0.120603595539
13.0;0.0;-1.2;-0.139803527976
14.0;0.0;-1.3;-0.16002648971
15.0;0.0;-1.4;-0.181663048163
16.0;0.0;-1.5;-0.205056669188
17.0;0.0;-1.6;-0.230069942272
18.0;0.0;-1.7;-0.256387943795
19.0;0.0;-1.8;-0.283369715875
20.0;0.0;-1.9;-0.310461072306
21.0;0.0;-2.0;-0.337439385383
22.0;0.1;0.0;0.000646359295012
23.0;0.1;-0.1;0.000471868843864
24.0;0.1;-0.2;0.000475653162819
25.0;0.1;-0.3;-0.00694885581987
26.0;0.1;-0.4;-0.021587769173
27.0;0.1;-0.5;-0.0373610005028
28.0;0.1;-0.6;-0.0516964676177
29.0;0.1;-0.7;-0.0658752243392
30.0;0.1;-0.8;-0.0807865422193
31.0;0.1;-0.9;-0.0964245907565
32.0;0.1;-1.0;-0.112611204646
33.0;0.1;-1.1;-0.130027384298
34.0;0.1;-1.2;-0.150483178091
35.0;0.1;-1.3;-0.174529072594
36.0;0.1;-1.4;-0.198956460278
37.0;0.1;-1.5;-0.220388704328
38.0;0.1;-1.6;-0.241042136685
39.0;0.1;-1.7;-0.264841055493
40.0;0.1;-1.8;-0.291696232752
41.0;0.1;-1.9;-0.318993574314
42.0;0.1;-2.0;-0.345702725926
43.0;0.2;0.0;0.000810653162465
44.0;0.2;-0.1;0.000504189248268
45.0;0.2;-0.2;-0.00833516448234
46.0;0.2;-0.3;-0.021235870966
47.0;0.2;-0.4;-0.0346505618888
48.0;0.2;-0.5;-0.0481758995103
49.0;0.2;-0.6;-0.0619434206991
50.0;0.2;-0.7;-0.0763876993031
51.0;0.2;-0.8;-0.0919956952788
52.0;0.2;-0.9;-0.108511404054
53.0;0.2;-1.0;-0.125648354531
54.0;0.2;-1.1;-0.144097654962
55.0;0.2;-1.2;-0.16498131373
56.0;0.2;-1.3;-0.188215347656
57.0;0.2;-1.4;-0.212347813046
58.0;0.2;-1.5;-0.236294101294
59.0;0.2;-1.6;-0.260201189597
60.0;0.2;-1.7;-0.284871726254
61.0;0.2;-1.8;-0.310576066926
62.0;0.2;-1.9;-0.336673364796
63.0;0.2;-2.0;-0.362436484182
64.0;0.3;0.0;-0.00273690133947
65.0;0.3;-0.1;-0.00698020138459
66.0;0.3;-0.2;-0.021224289185
67.0;0.3;-0.3;-0.0363628941636
68.0;0.3;-0.4;-0.0478504081954
69.0;0.3;-0.5;-0.0591325063949
70.0;0.3;-0.6;-0.0725470560395
71.0;0.3;-0.7;-0.0877102979486
72.0;0.3;-0.8;-0.104094790107
73.0;0.3;-0.9;-0.121495858581
74.0;0.3;-1.0;-0.140018125762
75.0;0.3;-1.1;-0.159927587484
76.0;0.3;-1.2;-0.181009862663
77.0;0.3;-1.3;-0.202922786749
78.0;0.3;-1.4;-0.226443304989
79.0;0.3;-1.5;-0.252452045812
80.0;0.3;-1.6;-0.279474729585
81.0;0.3;-1.7;-0.305359301184
82.0;0.3;-1.8;-0.330078311172
83.0;0.3;-1.9;-0.354663184356
84.0;0.3;-2.0;-0.379326704411
85.0;0.4;0.0;-0.0119387405531
86.0;0.4;-0.1;-0.0216181281059
87.0;0.4;-0.2;-0.0346466105743
88.0;0.4;-0.3;-0.047849463824
89.0;0.4;-0.4;-0.0596942554654
90.0;0.4;-0.5;-0.0717345854037
91.0;0.4;-0.6;-0.0856217826816
92.0;0.4;-0.7;-0.101197970938
93.0;0.4;-0.8;-0.117800534808
94.0;0.4;-0.9;-0.135536148001
95.0;0.4;-1.0;-0.154856069342
96.0;0.4;-1.1;-0.175732347505
97.0;0.4;-1.2;-0.19767269451
98.0;0.4;-1.3;-0.220443213826
99.0;0.4;-1.4;-0.244345314633
100.0;0.4;-1.5;-0.269466593984
101.0;0.4;-1.6;-0.295048095309
102.0;0.4;-1.7;-0.320076707925
103.0;0.4;-1.8;-0.344291515621
104.0;0.4;-1.9;-0.368180613373
105.0;0.4;-2.0;-0.392192867398
106.0;0.5;0.0;-0.0249110491433
107.0;0.5;-0.1;-0.0373474253473
108.0;0.5;-0.2;-0.0481721979399
109.0;0.5;-0.3;-0.0591391671481
110.0;0.5;-0.4;-0.071741018779
111.0;0.5;-0.5;-0.0854926601034
112.0;0.5;-0.6;-0.100291670037
113.0;0.5;-0.7;-0.116136376957
114.0;0.5;-0.8;-0.132917544284
115.0;0.5;-0.9;-0.151049154435
116.0;0.5;-1.0;-0.170999804559
117.0;0.5;-1.1;-0.192626774834
118.0;0.5;-1.2;-0.215496266583
119.0;0.5;-1.3;-0.239225851063
120.0;0.5;-1.4;-0.263127884335
121.0;0.5;-1.5;-0.286480715512
122.0;0.5;-1.6;-0.309506954441
123.0;0.5;-1.7;-0.332812559736
124.0;0.5;-1.8;-0.356339117409
125.0;0.5;-1.9;-0.379842125694
126.0;0.5;-2.0;-0.403423232329
127.0;0.6;0.0;-0.0395808609899
128.0;0.6;-0.1;-0.0516712448452
129.0;0.6;-0.2;-0.061936638279
130.0;0.6;-0.3;-0.072553680257
131.0;0.6;-0.4;-0.0856291826643
132.0;0.6;-0.5;-0.10029374585
133.0;0.6;-0.6;-0.115577326372
134.0;0.6;-0.7;-0.131691641545
135.0;0.6;-0.8;-0.149178751456
136.0;0.6;-0.9;-0.168333528752
137.0;0.6;-1.0;-0.189144992049
138.0;0.6;-1.1;-0.211292884975
139.0;0.6;-1.2;-0.234298286099
140.0;0.6;-1.3;-0.25764068789
141.0;0.6;-1.4;-0.280719477412
142.0;0.6;-1.5;-0.303158055868
143.0;0.6;-1.6;-0.325262944417
144.0;0.6;-1.7;-0.347625995529
145.0;0.6;-1.8;-0.370382903968
146.0;0.6;-1.9;-0.393310278895
147.0;0.6;-2.0;-0.41626133121
148.0;0.7;0.0;-0.0547326419622
149.0;0.7;-0.1;-0.065872447118
150.0;0.7;-0.2;-0.0763855052913
151.0;0.7;-0.3;-0.0877134518096
152.0;0.7;-0.4;-0.101200912558
153.0;0.7;-0.5;-0.11613558287
154.0;0.7;-0.6;-0.13168987614
155.0;0.7;-0.7;-0.148369265177
156.0;0.7;-0.8;-0.16692569135
157.0;0.7;-0.9;-0.187251687619
158.0;0.7;-1.0;-0.208771304032
159.0;0.7;-1.1;-0.230963312535
160.0;0.7;-1.2;-0.253358978964
161.0;0.7;-1.3;-0.275600273742
162.0;0.7;-1.4;-0.297684086306
163.0;0.7;-1.5;-0.319799768867
164.0;0.7;-1.6;-0.341947145226
165.0;0.7;-1.7;-0.364052278608
166.0;0.7;-1.8;-0.386196311949
167.0;0.7;-1.9;-0.408404001966
168.0;0.7;-2.0;-0.430568986278
169.0;0.8;0.0;-0.0699401779393
170.0;0.8;-0.1;-0.0807982699515
171.0;0.8;-0.2;-0.0919984316258
172.0;0.8;-0.3;-0.10409653601
173.0;0.8;-0.4;-0.117800793844
174.0;0.8;-0.5;-0.132915112387
175.0;0.8;-0.6;-0.149175938045
176.0;0.8;-0.7;-0.166924543294
177.0;0.8;-0.8;-0.186470265196
178.0;0.8;-0.9;-0.207409328343
179.0;0.8;-1.0;-0.22898500549
180.0;0.8;-1.1;-0.250669814981
181.0;0.8;-1.2;-0.27220892697
182.0;0.8;-1.3;-0.293549781979
183.0;0.8;-1.4;-0.314912076976
184.0;0.8;-1.5;-0.336542131992
185.0;0.8;-1.6;-0.358336943244
186.0;0.8;-1.7;-0.380030319212
187.0;0.8;-1.8;-0.401581923047
188.0;0.8;-1.9;-0.423067919967
189.0;0.8;-2.0;-0.444504273322
190.0;0.9;0.0;-0.0856113456579
191.0;0.9;-0.1;-0.0964290001446
192.0;0.9;-0.2;-0.108512353904
193.0;0.9;-0.3;-0.12149744439
194.0;0.9;-0.4;-0.135536947052
195.0;0.9;-0.5;-0.151047950631
196.0;0.9;-0.6;-0.16833188489
197.0;0.9;-0.7;-0.187251184615
198.0;0.9;-0.8;-0.207409593693
199.0;0.9;-0.9;-0.228271889169
200.0;0.9;-1.0;-0.249278999321
201.0;0.9;-1.1;-0.270138508663
202.0;0.9;-1.2;-0.290878752063
203.0;0.9;-1.3;-0.311618215936
204.0;0.9;-1.4;-0.332413793608
205.0;0.9;-1.5;-0.353275940761
206.0;0.9;-1.6;-0.374184267029
207.0;0.9;-1.7;-0.395085583369
208.0;0.9;-1.8;-0.415924780059
209.0;0.9;-1.9;-0.436713879912
210.0;0.9;-2.0;-0.457503928406
211.0;1.0;0.0;-0.102445530471
212.0;1.0;-0.1;-0.11260571415
213.0;1.0;-0.2;-0.125645427871
214.0;1.0;-0.3;-0.140019155166
215.0;1.0;-0.4;-0.154857735784
216.0;1.0;-0.5;-0.171000020034
217.0;1.0;-0.6;-0.189144671692
218.0;1.0;-0.7;-0.208771683212
219.0;1.0;-0.8;-0.228985811822
220.0;1.0;-0.9;-0.249279449144
221.0;1.0;-1.0;-0.269462103931
222.0;1.0;-1.1;-0.289519233551
223.0;1.0;-1.2;-0.309576435546
224.0;1.0;-1.3;-0.329726209888
225.0;1.0;-1.4;-0.349891961124
226.0;1.0;-1.5;-0.369968111142
227.0;1.0;-1.6;-0.389989414227
228.0;1.0;-1.7;-0.410046678706
229.0;1.0;-1.8;-0.430137623136
230.0;1.0;-1.9;-0.450243565732
231.0;1.0;-2.0;-0.470382089577
232.0;1.1;0.0;-0.120597774442
233.0;1.1;-0.1;-0.130022577919
234.0;1.1;-0.2;-0.144094827151
235.0;1.1;-0.3;-0.159928427962
236.0;1.1;-0.4;-0.175733826146
237.0;1.1;-0.5;-0.192626925757
238.0;1.1;-0.6;-0.211292591216
239.0;1.1;-0.7;-0.230963650112
240.0;1.1;-0.8;-0.250670533353
241.0;1.1;-0.9;-0.270138912152
242.0;1.1;-1.0;-0.289519244922
243.0;1.1;-1.1;-0.308921507907
244.0;1.1;-1.2;-0.328359784097
245.0;1.1;-1.3;-0.347826865701
246.0;1.1;-1.4;-0.367283739578
247.0;1.1;-1.5;-0.386687618857
248.0;1.1;-1.6;-0.406053084447
249.0;1.1;-1.7;-0.42542898117
250.0;1.1;-1.8;-0.444839707967
251.0;1.1;-1.9;-0.464277339586
252.0;1.1;-2.0;-0.483727690817
253.0;1.2;0.0;-0.139804986311
254.0;1.2;-0.1;-0.150483764736
255.0;1.2;-0.2;-0.164981151752
256.0;1.2;-0.3;-0.181011208535
257.0;1.2;-0.4;-0.197673685868
258.0;1.2;-0.5;-0.215495754452
259.0;1.2;-0.6;-0.234297432543
260.0;1.2;-0.7;-0.253358830506
261.0;1.2;-0.8;-0.272209231286
262.0;1.2;-0.9;-0.290878847569
263.0;1.2;-1.0;-0.309576232377
264.0;1.2;-1.1;-0.328359605517
265.0;1.2;-1.2;-0.347153296436
266.0;1.2;-1.3;-0.36591479307
267.0;1.2;-1.4;-0.384669852755
268.0;1.2;-1.5;-0.403444666352
269.0;1.2;-1.6;-0.422227921986
270.0;1.2;-1.7;-0.440999557092
271.0;1.2;-1.8;-0.459770520778
272.0;1.2;-1.9;-0.478543295461
273.0;1.2;-2.0;-0.497302164561
274.0;1.3;0.0;-0.160029758483
275.0;1.3;-0.1;-0.174531270061
276.0;1.3;-0.2;-0.18821610425
277.0;1.3;-0.3;-0.202924199404
278.0;1.3;-0.4;-0.220444025124
279.0;1.3;-0.5;-0.239225251406
280.0;1.3;-0.6;-0.257639748416
281.0;1.3;-0.7;-0.275599976921
282.0;1.3;-0.8;-0.293549925189
283.0;1.3;-0.9;-0.311618209088
284.0;1.3;-1.0;-0.32972595662
285.0;1.3;-1.1;-0.347826642104
286.0;1.3;-1.2;-0.365914735742
287.0;1.3;-1.3;-0.383992125844
288.0;1.3;-1.4;-0.402075281784
289.0;1.3;-1.5;-0.420182608918
290.0;1.3;-1.6;-0.438306367131
291.0;1.3;-1.7;-0.456423323855
292.0;1.3;-1.8;-0.474526646699
293.0;1.3;-1.9;-0.49261995175
294.0;1.3;-2.0;-0.510703844285
295.0;1.4;0.0;-0.181663406369
296.0;1.4;-0.1;-0.198956372213
297.0;1.4;-0.2;-0.212347458598
298.0;1.4;-0.3;-0.226444219102
299.0;1.4;-0.4;-0.244346073916
300.0;1.4;-0.5;-0.26312757157
301.0;1.4;-0.6;-0.28071888282
302.0;1.4;-0.7;-0.297684023432
303.0;1.4;-0.8;-0.314912352372
304.0;1.4;-0.9;-0.33241389804
305.0;1.4;-1.0;-0.349891824976
306.0;1.4;-1.1;-0.367283618045
307.0;1.4;-1.2;-0.384669871476
308.0;1.4;-1.3;-0.402075341188
309.0;1.4;-1.4;-0.419479804743
310.0;1.4;-1.5;-0.436881433547
311.0;1.4;-1.6;-0.454290502883
312.0;1.4;-1.7;-0.471704864372
313.0;1.4;-1.8;-0.489110857904
314.0;1.4;-1.9;-0.506511575981
315.0;1.4;-2.0;-0.523919224955
316.0;1.5;0.0;-0.205055209053
317.0;1.5;-0.1;-0.22038717309
318.0;1.5;-0.2;-0.236292874708
319.0;1.5;-0.3;-0.25245250736
320.0;1.5;-0.4;-0.269467273447
321.0;1.5;-0.5;-0.286480585959
322.0;1.5;-0.6;-0.303157698986
323.0;1.5;-0.7;-0.319799860031
324.0;1.5;-0.8;-0.336542496172
325.0;1.5;-0.9;-0.353276128091
326.0;1.5;-1.0;-0.369968064775
327.0;1.5;-1.1;-0.386687572176
328.0;1.5;-1.2;-0.403444736181
329.0;1.5;-1.3;-0.420182709986
330.0;1.5;-1.4;-0.436881476345
331.0;1.5;-1.5;-0.453574802216
332.0;1.5;-1.6;-0.470289233005
333.0;1.5;-1.7;-0.487015594976
334.0;1.5;-1.8;-0.503732321156
335.0;1.5;-1.9;-0.520440860108
336.0;1.5;-2.0;-0.537156890955
337.0;1.6;0.0;-0.230069290445
338.0;1.6;-0.1;-0.241041269358
339.0;1.6;-0.2;-0.26020038263
340.0;1.6;-0.3;-0.279475301435
341.0;1.6;-0.4;-0.295048725034
342.0;1.6;-0.5;-0.309506770813
343.0;1.6;-0.6;-0.325262552879
344.0;1.6;-0.7;-0.341947174272
345.0;1.6;-0.8;-0.358337232707
346.0;1.6;-0.9;-0.374184403841
347.0;1.6;-1.0;-0.389989345449
348.0;1.6;-1.1;-0.406053020645
349.0;1.6;-1.2;-0.422227966273
350.0;1.6;-1.3;-0.438306442325
351.0;1.6;-1.4;-0.454290526283
352.0;1.6;-1.5;-0.470289219694
353.0;1.6;-1.6;-0.486342851642
354.0;1.6;-1.7;-0.502410180678
355.0;1.6;-1.8;-0.518453776771
356.0;1.6;-1.9;-0.534476371748
357.0;1.6;-2.0;-0.550500711613
358.0;1.7;0.0;-0.25638844567
359.0;1.7;-0.1;-0.264841203501
360.0;1.7;-0.2;-0.28487158676
361.0;1.7;-0.3;-0.305360105595
362.0;1.7;-0.4;-0.320077334257
363.0;1.7;-0.5;-0.332812315763
364.0;1.7;-0.6;-0.347625526796
365.0;1.7;-0.7;-0.364052205266
366.0;1.7;-0.8;-0.380030504358
367.0;1.7;-0.9;-0.395085645467
368.0;1.7;-1.0;-0.410046564743
369.0;1.7;-1.1;-0.425428880339
370.0;1.7;-1.2;-0.440999561015
371.0;1.7;-1.3;-0.456423360508
372.0;1.7;-1.4;-0.471704857105
373.0;1.7;-1.5;-0.487015557146
374.0;1.7;-1.6;-0.502410157459
375.0;1.7;-1.7;-0.517816822983
376.0;1.7;-1.8;-0.533182332429
377.0;1.7;-1.9;-0.548523052829
378.0;1.7;-2.0;-0.56387843677
379.0;1.8;0.0;-0.283370202416
380.0;1.8;-0.1;-0.291696419036
381.0;1.8;-0.2;-0.310575961421
382.0;1.8;-0.3;-0.330079051986
383.0;1.8;-0.4;-0.344292100913
384.0;1.8;-0.5;-0.356338901856
385.0;1.8;-0.6;-0.37038246893
386.0;1.8;-0.7;-0.386196238508
387.0;1.8;-0.8;-0.401582089522
388.0;1.8;-0.9;-0.415924835185
389.0;1.8;-1.0;-0.430137516153
390.0;1.8;-1.1;-0.444839612371
391.0;1.8;-1.2;-0.459770522121
392.0;1.8;-1.3;-0.47452667854
393.0;1.8;-1.4;-0.489110850106
394.0;1.8;-1.5;-0.503732285006
395.0;1.8;-1.6;-0.518453754019
396.0;1.8;-1.7;-0.533182331131
397.0;1.8;-1.8;-0.54785813498
398.0;1.8;-1.9;-0.562522259507
399.0;1.8;-2.0;-0.577233236475
400.0;1.9;0.0;-0.310460983416
401.0;1.9;-0.1;-0.318993238658
402.0;1.9;-0.2;-0.336672960977
403.0;1.9;-0.3;-0.354663727615
404.0;1.9;-0.4;-0.36818111184
405.0;1.9;-0.5;-0.379841943267
406.0;1.9;-0.6;-0.393309923831
407.0;1.9;-0.7;-0.408403989057
408.0;1.9;-0.8;-0.423068119669
409.0;1.9;-0.9;-0.436713964327
410.0;1.9;-1.0;-0.450243492681
411.0;1.9;-1.1;-0.464277273961
412.0;1.9;-1.2;-0.478543317395
413.0;1.9;-1.3;-0.492619998628
414.0;1.9;-1.4;-0.506511583724
415.0;1.9;-1.5;-0.520440840073
416.0;1.9;-1.6;-0.534476363215
417.0;1.9;-1.7;-0.548523063066
418.0;1.9;-1.8;-0.562522269752
419.0;1.9;-1.9;-0.576525863847
420.0;1.9;-2.0;-0.590598290976
421.0;2.0;0.0;-0.337439121723
422.0;2.0;-0.1;-0.34570227557
423.0;2.0;-0.2;-0.362435968218
424.0;2.0;-0.3;-0.379327124678
425.0;2.0;-0.4;-0.392193312319
426.0;2.0;-0.5;-0.403423076709
427.0;2.0;-0.6;-0.416261019274
428.0;2.0;-0.7;-0.430568989056
429.0;2.0;-0.8;-0.444504474535
430.0;2.0;-0.9;-0.457504022309
431.0;2.0;-1.0;-0.470382034087
432.0;2.0;-1.1;-0.483727638679
433.0;2.0;-1.2;-0.497302191892
434.0;2.0;-1.3;-0.510703894826
435.0;2.0;-1.4;-0.523919238757
436.0;2.0;-1.5;-0.537156878141
437.0;2.0;-1.6;-0.55050070857
438.0;2.0;-1.7;-0.563878450691
439.0;2.0;-1.8;-0.577233250176
440.0;2.0;-1.9;-0.590598294776
441.0;2.0;-2.0;-0.604026129732
442.0;0.0;-2.4;-0.445058109876
443.0;0.0;-2.8;-0.552732455605
444.0;0.0;-3.2;-0.660426264152
445.0;0.0;-3.6;-0.768119563935
446.0;0.0;-4.0;-0.875795444408
447.0;0.4;-2.4;-0.488659548639
448.0;0.4;-2.8;-0.585134963934
449.0;0.4;-3.2;-0.681616004848
450.0;0.4;-3.6;-0.778321730316
451.0;0.4;-4.0;-0.875751672155
452.0;0.8;-2.4;-0.530290242137
453.0;0.8;-2.8;-0.616096822361
454.0;0.8;-3.2;-0.702134805941
455.0;0.8;-3.6;-0.788830200207
456.0;0.8;-4.0;-0.875786821364
457.0;1.2;-2.4;-0.572336396501
458.0;1.2;-2.8;-0.647600290755
459.0;1.2;-3.2;-0.72351046833
460.0;1.2;-3.6;-0.799655151505
461.0;1.2;-4.0;-0.875795241386
462.0;1.6;-2.4;-0.614913949046
463.0;1.6;-2.8;-0.679970780885
464.0;1.6;-3.2;-0.745251984882
465.0;1.6;-3.6;-0.810524611501
466.0;1.6;-4.0;-0.875795306309
467.0;2.0;-2.4;-0.6582116527
468.0;2.0;-2.8;-0.712619706354
469.0;2.0;-3.2;-0.767012634255
470.0;2.0;-3.6;-0.821404194819
471.0;2.0;-4.0;-0.875795278139
472.0;2.4;0.0;-0.445058072172
473.0;2.4;-0.4;-0.488659921273
474.0;2.4;-0.8;-0.530290388658
475.0;2.4;-1.2;-0.572336412263
476.0;2.4;-1.6;-0.614913942679
477.0;2.4;-2.0;-0.658211649878
478.0;2.4;-2.4;-0.701743257018
479.0;2.4;-2.8;-0.745259799034
480.0;2.4;-3.2;-0.788771762634
481.0;2.4;-3.6;-0.832283776057
482.0;2.4;-4.0;-0.875795392633
483.0;2.8;0.0;-0.552732459854
484.0;2.8;-0.4;-0.585135286226
485.0;2.8;-0.8;-0.616096941818
486.0;2.8;-1.2;-0.647600301289
487.0;2.8;-1.6;-0.679970773708
488.0;2.8;-2.0;-0.712619702382
489.0;2.8;-2.4;-0.745259797969
490.0;2.8;-2.8;-0.7778947707
491.0;2.8;-3.2;-0.810528492457
492.0;2.8;-3.6;-0.84316213878
493.0;2.8;-4.0;-0.875795474613
494.0;3.2;0.0;-0.660426260319
495.0;3.2;-0.4;-0.681616278743
496.0;3.2;-0.8;-0.70213490503
497.0;3.2;-1.2;-0.723510471232
498.0;3.2;-1.6;-0.745251973329
499.0;3.2;-2.0;-0.767012626783
500.0;3.2;-2.4;-0.788771758154
501.0;3.2;-2.8;-0.810528489641
502.0;3.2;-3.2;-0.832284323649
503.0;3.2;-3.6;-0.854040185199
504.0;3.2;-4.0;-0.875795717723
505.0;3.6;0.0;-0.768119553738
506.0;3.6;-0.4;-0.778321976018
507.0;3.6;-0.8;-0.788830289882
508.0;3.6;-1.2;-0.799655144148
509.0;3.6;-1.6;-0.810524590881
510.0;3.6;-2.0;-0.821404179955
511.0;3.6;-2.4;-0.832283765242
512.0;3.6;-2.8;-0.843162130738
513.0;3.6;-3.2;-0.854040180227
514.0;3.6;-3.6;-0.864918302048
515.0;3.6;-4.0;-0.87579631836
516.0;4.0;0.0;-0.875795444432
517.0;4.0;-0.4;-0.875752114143
518.0;4.0;-0.8;-0.875786962388
519.0;4.0;-1.2;-0.875795253842
520.0;4.0;-1.6;-0.87579530024
521.0;4.0;-2.0;-0.875795275199
522.0;4.0;-2.4;-0.875795391899
523.0;4.0;-2.8;-0.875795474647
524.0;4.0;-3.2;-0.875795719236
525.0;4.0;-3.6;-0.875796322672
526.0;4.0;-4.0;-0.875795444558
528.0;0.0;0.1;0.000377456511725
529.0;0.0;0.2;0.000719050057446
530.0;0.0;0.3;-0.00263208897246
531.0;0.0;0.4;-0.0118616409126
532.0;0.0;0.5;-0.0249358393785
533.0;0.0;0.6;-0.0396245355403
534.0;0.0;0.7;-0.0547350289061
535.0;0.0;0.8;-0.069920454119
536.0;0.0;0.9;-0.0856038262994
537.0;0.0;1.0;-0.102452488587
538.0;0.0;1.1;-0.120603595539
539.0;0.0;1.2;-0.139803527976
540.0;0.0;1.3;-0.16002648971
541.0;0.0;1.4;-0.181663048163
542.0;0.0;1.5;-0.205056669188
543.0;0.0;1.6;-0.230069942272
544.0;0.0;1.7;-0.256387943795
545.0;0.0;1.8;-0.283369715875
546.0;0.0;1.9;-0.310461072306
547.0;0.0;2.0;-0.337439385383
549.0;0.1;0.1;0.000471868843864
550.0;0.1;0.2;0.000475653162819
551.0;0.1;0.3;-0.00694885581987
552.0;0.1;0.4;-0.021587769173
553.0;0.1;0.5;-0.0373610005028
554.0;0.1;0.6;-0.0516964676177
555.0;0.1;0.7;-0.0658752243392
556.0;0.1;0.8;-0.0807865422193
557.0;0.1;0.9;-0.0964245907565
558.0;0.1;1.0;-0.112611204646
559.0;0.1;1.1;-0.130027384298
560.0;0.1;1.2;-0.150483178091
561.0;0.1;1.3;-0.174529072594
562.0;0.1;1.4;-0.198956460278
563.0;0.1;1.5;-0.220388704328
564.0;0.1;1.6;-0.241042136685
565.0;0.1;1.7;-0.264841055493
566.0;0.1;1.8;-0.291696232752
567.0;0.1;1.9;-0.318993574314
568.0;0.1;2.0;-0.345702725926
570.0;0.2;0.1;0.000504189248268
571.0;0.2;0.2;-0.00833516448234
572.0;0.2;0.3;-0.021235870966
573.0;0.2;0.4;-0.0346505618888
574.0;0.2;0.5;-0.0481758995103
575.0;0.2;0.6;-0.0619434206991
576.0;0.2;0.7;-0.0763876993031
577.0;0.2;0.8;-0.0919956952788
578.0;0.2;0.9;-0.108511404054
579.0;0.2;1.0;-0.125648354531
580.0;0.2;1.1;-0.144097654962
581.0;0.2;1.2;-0.16498131373
582.0;0.2;1.3;-0.188215347656
583.0;0.2;1.4;-0.212347813046
584.0;0.2;1.5;-0.236294101294
585.0;0.2;1.6;-0.260201189597
586.0;0.2;1.7;-0.284871726254
587.0;0.2;1.8;-0.310576066926
588.0;0.2;1.9;-0.336673364796
589.0;0.2;2.0;-0.362436484182
591.0;0.3;0.1;-0.00698020138459
592.0;0.3;0.2;-0.021224289185
593.0;0.3;0.3;-0.0363628941636
594.0;0.3;0.4;-0.0478504081954
595.0;0.3;0.5;-0.0591325063949
596.0;0.3;0.6;-0.0725470560395
597.0;0.3;0.7;-0.0877102979486
598.0;0.3;0.8;-0.104094790107
599.0;0.3;0.9;-0.121495858581
600.0;0.3;1.0;-0.140018125762
601.0;0.3;1.1;-0.159927587484
602.0;0.3;1.2;-0.181009862663
603.0;0.3;1.3;-0.202922786749
604.0;0.3;1.4;-0.226443304989
605.0;0.3;1.5;-0.252452045812
606.0;0.3;1.6;-0.279474729585
607.0;0.3;1.7;-0.305359301184
608.0;0.3;1.8;-0.330078311172
609.0;0.3;1.9;-0.354663184356
610.0;0.3;2.0;-0.379326704411
612.0;0.4;0.1;-0.0216181281059
613.0;0.4;0.2;-0.0346466105743
614.0;0.4;0.3;-0.047849463824
615.0;0.4;0.4;-0.0596942554654
616.0;0.4;0.5;-0.0717345854037
617.0;0.4;0.6;-0.0856217826816
618.0;0.4;0.7;-0.101197970938
619.0;0.4;0.8;-0.117800534808
620.0;0.4;0.9;-0.135536148001
621.0;0.4;1.0;-0.154856069342
622.0;0.4;1.1;-0.175732347505
623.0;0.4;1.2;-0.19767269451
624.0;0.4;1.3;-0.220443213826
625.0;0.4;1.4;-0.244345314633
626.0;0.4;1.5;-0.269466593984
627.0;0.4;1.6;-0.295048095309
628.0;0.4;1.7;-0.320076707925
629.0;0.4;1.8;-0.344291515621
630.0;0.4;1.9;-0.368180613373
631.0;0.4;2.0;-0.392192867398
633.0;0.5;0.1;-0.0373474253473
634.0;0.5;0.2;-0.0481721979399
635.0;0.5;0.3;-0.0591391671481
636.0;0.5;0.4;-0.071741018779
637.0;0.5;0.5;-0.0854926601034
638.0;0.5;0.6;-0.100291670037
639.0;0.5;0.7;-0.116136376957
640.0;0.5;0.8;-0.132917544284
641.0;0.5;0.9;-0.151049154435
642.0;0.5;1.0;-0.170999804559
643.0;0.5;1.1;-0.192626774834
644.0;0.5;1.2;-0.215496266583
645.0;0.5;1.3;-0.239225851063
646.0;0.5;1.4;-0.263127884335
647.0;0.5;1.5;-0.286480715512
648.0;0.5;1.6;-0.309506954441
649.0;0.5;1.7;-0.332812559736
650.0;0.5;1.8;-0.356339117409
651.0;0.5;1.9;-0.379842125694
652.0;0.5;2.0;-0.403423232329
654.0;0.6;0.1;-0.0516712448452
655.0;0.6;0.2;-0.061936638279
656.0;0.6;0.3;-0.072553680257
657.0;0.6;0.4;-0.0856291826643
658.0;0.6;0.5;-0.10029374585
659.0;0.6;0.6;-0.115577326372
660.0;0.6;0.7;-0.131691641545
661.0;0.6;0.8;-0.149178751456
662.0;0.6;0.9;-0.168333528752
663.0;0.6;1.0;-0.189144992049
664.0;0.6;1.1;-0.211292884975
665.0;0.6;1.2;-0.234298286099
666.0;0.6;1.3;-0.25764068789
667.0;0.6;1.4;-0.280719477412
668.0;0.6;1.5;-0.303158055868
669.0;0.6;1.6;-0.325262944417
670.0;0.6;1.7;-0.347625995529
671.0;0.6;1.8;-0.370382903968
672.0;0.6;1.9;-0.393310278895
673.0;0.6;2.0;-0.41626133121
675.0;0.7;0.1;-0.065872447118
676.0;0.7;0.2;-0.0763855052913
677.0;0.7;0.3;-0.0877134518096
678.0;0.7;0.4;-0.101200912558
679.0;0.7;0.5;-0.11613558287
680.0;0.7;0.6;-0.13168987614
681.0;0.7;0.7;-0.148369265177
682.0;0.7;0.8;-0.16692569135
683.0;0.7;0.9;-0.187251687619
684.0;0.7;1.0;-0.208771304032
685.0;0.7;1.1;-0.230963312535
686.0;0.7;1.2;-0.253358978964
687.0;0.7;1.3;-0.275600273742
688.0;0.7;1.4;-0.297684086306
689.0;0.7;1.5;-0.319799768867
690.0;0.7;1.6;-0.341947145226
691.0;0.7;1.7;-0.364052278608
692.0;0.7;1.8;-0.386196311949
693.0;0.7;1.9;-0.408404001966
694.0;0.7;2.0;-0.430568986278
696.0;0.8;0.1;-0.0807982699515
697.0;0.8;0.2;-0.0919984316258
698.0;0.8;0.3;-0.10409653601
699.0;0.8;0.4;-0.117800793844
700.0;0.8;0.5;-0.132915112387
701.0;0.8;0.6;-0.149175938045
702.0;0.8;0.7;-0.166924543294
703.0;0.8;0.8;-0.186470265196
704.0;0.8;0.9;-0.207409328343
705.0;0.8;1.0;-0.22898500549
706.0;0.8;1.1;-0.250669814981
707.0;0.8;1.2;-0.27220892697
708.0;0.8;1.3;-0.293549781979
709.0;0.8;1.4;-0.314912076976
710.0;0.8;1.5;-0.336542131992
711.0;0.8;1.6;-0.358336943244
712.0;0.8;1.7;-0.380030319212
713.0;0.8;1.8;-0.401581923047
714.0;0.8;1.9;-0.423067919967
715.0;0.8;2.0;-0.444504273322
717.0;0.9;0.1;-0.0964290001446
718.0;0.9;0.2;-0.108512353904
719.0;0.9;0.3;-0.12149744439
720.0;0.9;0.4;-0.135536947052
721.0;0.9;0.5;-0.151047950631
722.0;0.9;0.6;-0.16833188489
723.0;0.9;0.7;-0.187251184615
724.0;0.9;0.8;-0.207409593693
725.0;0.9;0.9;-0.228271889169
726.0;0.9;1.0;-0.249278999321
727.0;0.9;1.1;-0.270138508663
728.0;0.9;1.2;-0.290878752063
729.0;0.9;1.3;-0.311618215936
730.0;0.9;1.4;-0.332413793608
731.0;0.9;1.5;-0.353275940761
732.0;0.9;1.6;-0.374184267029
733.0;0.9;1.7;-0.395085583369
734.0;0.9;1.8;-0.415924780059
735.0;0.9;1.9;-0.436713879912
736.0;0.9;2.0;-0.457503928406
738.0;1.0;0.1;-0.11260571415
739.0;1.0;0.2;-0.125645427871
740.0;1.0;0.3;-0.140019155166
741.0;1.0;0.4;-0.154857735784
742.0;1.0;0.5;-0.171000020034
743.0;1.0;0.6;-0.189144671692
744.0;1.0;0.7;-0.208771683212
745.0;1.0;0.8;-0.228985811822
746.0;1.0;0.9;-0.249279449144
747.0;1.0;1.0;-0.269462103931
748.0;1.0;1.1;-0.289519233551
749.0;1.0;1.2;-0.309576435546
750.0;1.0;1.3;-0.329726209888
751.0;1.0;1.4;-0.349891961124
752.0;1.0;1.5;-0.369968111142
753.0;1.0;1.6;-0.389989414227
754.0;1.0;1.7;-0.410046678706
755.0;1.0;1.8;-0.430137623136
756.0;1.0;1.9;-0.450243565732
757.0;1.0;2.0;-0.470382089577
759.0;1.1;0.1;-0.130022577919
760.0;1.1;0.2;-0.144094827151
761.0;1.1;0.3;-0.159928427962
762.0;1.1;0.4;-0.175733826146
763.0;1.1;0.5;-0.192626925757
764.0;1.1;0.6;-0.211292591216
765.0;1.1;0.7;-0.230963650112
766.0;1.1;0.8;-0.250670533353
767.0;1.1;0.9;-0.270138912152
768.0;1.1;1.0;-0.289519244922
769.0;1.1;1.1;-0.308921507907
770.0;1.1;1.2;-0.328359784097
771.0;1.1;1.3;-0.347826865701
772.0;1.1;1.4;-0.367283739578
773.0;1.1;1.5;-0.386687618857
774.0;1.1;1.6;-0.406053084447
775.0;1.1;1.7;-0.42542898117
776.0;1.1;1.8;-0.444839707967
777.0;1.1;1.9;-0.464277339586
778.0;1.1;2.0;-0.483727690817
780.0;1.2;0.1;-0.150483764736
781.0;1.2;0.2;-0.164981151752
782.0;1.2;0.3;-0.181011208535
783.0;1.2;0.4;-0.197673685868
784.0;1.2;0.5;-0.215495754452
785.0;1.2;0.6;-0.234297432543
786.0;1.2;0.7;-0.253358830506
787.0;1.2;0.8;-0.272209231286
788.0;1.2;0.9;-0.290878847569
789.0;1.2;1.0;-0.309576232377
790.0;1.2;1.1;-0.328359605517
791.0;1.2;1.2;-0.347153296436
792.0;1.2;1.3;-0.36591479307
793.0;1.2;1.4;-0.384669852755
794.0;1.2;1.5;-0.403444666352
795.0;1.2;1.6;-0.422227921986
796.0;1.2;1.7;-0.440999557092
797.0;1.2;1.8;-0.459770520778
798.0;1.2;1.9;-0.478543295461
799.0;1.2;2.0;-0.497302164561
801.0;1.3;0.1;-0.174531270061
802.0;1.3;0.2;-0.18821610425
803.0;1.3;0.3;-0.202924199404
804.0;1.3;0.4;-0.220444025124
805.0;1.3;0.5;-0.239225251406
806.0;1.3;0.6;-0.257639748416
807.0;1.3;0.7;-0.275599976921
808.0;1.3;0.8;-0.293549925189
809.0;1.3;0.9;-0.311618209088
810.0;1.3;1.0;-0.32972595662
811.0;1.3;1.1;-0.347826642104
812.0;1.3;1.2;-0.365914735742
813.0;1.3;1.3;-0.383992125844
814.0;1.3;1.4;-0.402075281784
815.0;1.3;1.5;-0.420182608918
816.0;1.3;1.6;-0.438306367131
817.0;1.3;1.7;-0.456423323855
818.0;1.3;1.8;-0.474526646699
819.0;1.3;1.9;-0.49261995175
820.0;1.3;2.0;-0.510703844285
822.0;1.4;0.1;-0.198956372213
823.0;1.4;0.2;-0.212347458598
824.0;1.4;0.3;-0.226444219102
825.0;1.4;0.4;-0.244346073916
826.0;1.4;0.5;-0.26312757157
827.0;1.4;0.6;-0.28071888282
828.0;1.4;0.7;-0.297684023432
829.0;1.4;0.8;-0.314912352372
830.0;1.4;0.9;-0.33241389804
831.0;1.4;1.0;-0.349891824976
832.0;1.4;1.1;-0.367283618045
833.0;1.4;1.2;-0.384669871476
834.0;1.4;1.3;-0.402075341188
835.0;1.4;1.4;-0.419479804743
836.0;1.4;1.5;-0.436881433547
837.0;1.4;1.6;-0.454290502883
838.0;1.4;1.7;-0.471704864372
839.0;1.4;1.8;-0.489110857904
840.0;1.4;1.9;-0.506511575981
841.0;1.4;2.0;-0.523919224955
843.0;1.5;0.1;-0.22038717309
844.0;1.5;0.2;-0.236292874708
845.0;1.5;0.3;-0.25245250736
846.0;1.5;0.4;-0.269467273447
847.0;1.5;0.5;-0.286480585959
848.0;1.5;0.6;-0.303157698986
849.0;1.5;0.7;-0.319799860031
850.0;1.5;0.8;-0.336542496172
851.0;1.5;0.9;-0.353276128091
852.0;1.5;1.0;-0.369968064775
853.0;1.5;1.1;-0.386687572176
854.0;1.5;1.2;-0.403444736181
855.0;1.5;1.3;-0.420182709986
856.0;1.5;1.4;-0.436881476345
857.0;1.5;1.5;-0.453574802216
858.0;1.5;1.6;-0.470289233005
859.0;1.5;1.7;-0.487015594976
860.0;1.5;1.8;-0.503732321156
861.0;1.5;1.9;-0.520440860108
862.0;1.5;2.0;-0.537156890955
864.0;1.6;0.1;-0.241041269358
865.0;1.6;0.2;-0.26020038263
866.0;1.6;0.3;-0.279475301435
867.0;1.6;0.4;-0.295048725034
868.0;1.6;0.5;-0.309506770813
869.0;1.6;0.6;-0.325262552879
870.0;1.6;0.7;-0.341947174272
871.0;1.6;0.8;-0.358337232707
872.0;1.6;0.9;-0.374184403841
873.0;1.6;1.0;-0.389989345449
874.0;1.6;1.1;-0.406053020645
875.0;1.6;1.2;-0.422227966273
876.0;1.6;1.3;-0.438306442325
877.0;1.6;1.4;-0.454290526283
878.0;1.6;1.5;-0.470289219694
879.0;1.6;1.6;-0.486342851642
880.0;1.6;1.7;-0.502410180678
881.0;1.6;1.8;-0.518453776771
882.0;1.6;1.9;-0.534476371748
883.0;1.6;2.0;-0.550500711613
885.0;1.7;0.1;-0.264841203501
886.0;1.7;0.2;-0.28487158676
887.0;1.7;0.3;-0.305360105595
888.0;1.7;0.4;-0.320077334257
889.0;1.7;0.5;-0.332812315763
890.0;1.7;0.6;-0.347625526796
891.0;1.7;0.7;-0.364052205266
892.0;1.7;0.8;-0.380030504358
893.0;1.7;0.9;-0.395085645467
894.0;1.7;1.0;-0.410046564743
895.0;1.7;1.1;-0.425428880339
896.0;1.7;1.2;-0.440999561015
897.0;1.7;1.3;-0.456423360508
898.0;1.7;1.4;-0.471704857105
899.0;1.7;1.5;-0.487015557146
900.0;1.7;1.6;-0.502410157459
901.0;1.7;1.7;-0.517816822983
902.0;1.7;1.8;-0.533182332429
903.0;1.7;1.9;-0.548523052829
904.0;1.7;2.0;-0.56387843677
906.0;1.8;0.1;-0.291696419036
907.0;1.8;0.2;-0.310575961421
908.0;1.8;0.3;-0.330079051986
909.0;1.8;0.4;-0.344292100913
910.0;1.8;0.5;-0.356338901856
911.0;1.8;0.6;-0.37038246893
912.0;1.8;0.7;-0.386196238508
913.0;1.8;0.8;-0.401582089522
914.0;1.8;0.9;-0.415924835185
915.0;1.8;1.0;-0.430137516153
916.0;1.8;1.1;-0.444839612371
917.0;1.8;1.2;-0.459770522121
918.0;1.8;1.3;-0.47452667854
919.0;1.8;1.4;-0.489110850106
920.0;1.8;1.5;-0.503732285006
921.0;1.8;1.6;-0.518453754019
922.0;1.8;1.7;-0.533182331131
923.0;1.8;1.8;-0.54785813498
924.0;1.8;1.9;-0.562522259507
925.0;1.8;2.0;-0.577233236475
927.0;1.9;0.1;-0.318993238658
928.0;1.9;0.2;-0.336672960977
929.0;1.9;0.3;-0.354663727615
930.0;1.9;0.4;-0.36818111184
931.0;1.9;0.5;-0.379841943267
932.0;1.9;0.6;-0.393309923831
933.0;1.9;0.7;-0.408403989057
934.0;1.9;0.8;-0.423068119669
935.0;1.9;0.9;-0.436713964327
936.0;1.9;1.0;-0.450243492681
937.0;1.9;1.1;-0.464277273961
938.0;1.9;1.2;-0.478543317395
939.0;1.9;1.3;-0.492619998628
940.0;1.9;1.4;-0.506511583724
941.0;1.9;1.5;-0.520440840073
942.0;1.9;1.6;-0.534476363215
943.0;1.9;1.7;-0.548523063066
944.0;1.9;1.8;-0.562522269752
945.0;1.9;1.9;-0.576525863847
946.0;1.9;2.0;-0.590598290976
948.0;2.0;0.1;-0.34570227557
949.0;2.0;0.2;-0.362435968218
950.0;2.0;0.3;-0.379327124678
951.0;2.0;0.4;-0.392193312319
952.0;2.0;0.5;-0.403423076709
953.0;2.0;0.6;-0.416261019274
954.0;2.0;0.7;-0.430568989056
955.0;2.0;0.8;-0.444504474535
956.0;2.0;0.9;-0.457504022309
957.0;2.0;1.0;-0.470382034087
958.0;2.0;1.1;-0.483727638679
959.0;2.0;1.2;-0.497302191892
960.0;2.0;1.3;-0.510703894826
961.0;2.0;1.4;-0.523919238757
962.0;2.0;1.5;-0.537156878141
963.0;2.0;1.6;-0.55050070857
964.0;2.0;1.7;-0.563878450691
965.0;2.0;1.8;-0.577233250176
966.0;2.0;1.9;-0.590598294776
967.0;2.0;2.0;-0.604026129732
968.0;0.0;2.4;-0.445058109876
969.0;0.0;2.8;-0.552732455605
970.0;0.0;3.2;-0.660426264152
971.0;0.0;3.6;-0.768119563935
972.0;0.0;4.0;-0.875795444408
973.0;0.4;2.4;-0.488659548639
974.0;0.4;2.8;-0.585134963934
975.0;0.4;3.2;-0.681616004848
976.0;0.4;3.6;-0.778321730316
977.0;0.4;4.0;-0.875751672155
978.0;0.8;2.4;-0.530290242137
979.0;0.8;2.8;-0.616096822361
980.0;0.8;3.2;-0.702134805941
981.0;0.8;3.6;-0.788830200207
982.0;0.8;4.0;-0.875786821364
983.0;1.2;2.4;-0.572336396501
984.0;1.2;2.8;-0.647600290755
985.0;1.2;3.2;-0.72351046833
986.0;1.2;3.6;-0.799655151505
987.0;1.2;4.0;-0.875795241386
988.0;1.6;2.4;-0.614913949046
989.0;1.6;2.8;-0.679970780885
990.0;1.6;3.2;-0.745251984882
991.0;1.6;3.6;-0.810524611501
992.0;1.6;4.0;-0.875795306309
993.0;2.0;2.4;-0.6582116527
994.0;2.0;2.8;-0.712619706354
995.0;2.0;3.2;-0.767012634255
996.0;2.0;3.6;-0.821404194819
997.0;2.0;4.0;-0.875795278139
998.0;-0.1;0.0;0.000646359295012
999.0;2.4;0.4;-0.488659921273
1000.0;2.4;0.8;-0.530290388658
1001.0;2.4;1.2;-0.572336412263
1002.0;2.4;1.6;-0.614913942679
1003.0;2.4;2.0;-0.658211649878
1004.0;2.4;2.4;-0.701743257018
1005.0;2.4;2.8;-0.745259799034
1006.0;2.4;3.2;-0.788771762634
1007.0;2.4;3.6;-0.832283776057
1008.0;2.4;4.0;-0.875795392633
1009.0;-0.1;-0.1;0.000471868843864
1010.0;2.8;0.4;-0.585135286226
1011.0;2.8;0.8;-0.616096941818
1012.0;2.8;1.2;-0.647600301289
1013.0;2.8;1.6;-0.679970773708
1014.0;2.8;2.0;-0.712619702382
1015.0;2.8;2.4;-0.745259797969
1016.0;2.8;2.8;-0.7778947707
1017.0;2.8;3.2;-0.810528492457
1018.0;2.8;3.6;-0.84316213878
1019.0;2.8;4.0;-0.875795474613
1020.0;-0.1;-0.2;0.000475653162819
1021.0;3.2;0.4;-0.681616278743
1022.0;3.2;0.8;-0.70213490503
1023.0;3.2;1.2;-0.723510471232
1024.0;3.2;1.6;-0.745251973329
1025.0;3.2;2.0;-0.767012626783
1026.0;3.2;2.4;-0.788771758154
1027.0;3.2;2.8;-0.810528489641
1028.0;3.2;3.2;-0.832284323649
1029.0;3.2;3.6;-0.854040185199
1030.0;3.2;4.0;-0.875795717723
1031.0;-0.1;-0.3;-0.00694885581987
1032.0;3.6;0.4;-0.778321976018
1033.0;3.6;0.8;-0.788830289882
1034.0;3.6;1.2;-0.799655144148
1035.0;3.6;1.6;-0.810524590881
1036.0;3.6;2.0;-0.821404179955
1037.0;3.6;2.4;-0.832283765242
1038.0;3.6;2.8;-0.843162130738
1039.0;3.6;3.2;-0.854040180227
1040.0;3.6;3.6;-0.864918302048
1041.0;3.6;4.0;-0.87579631836
1042.0;-0.1;-0.4;-0.021587769173
1043.0;4.0;0.4;-0.875752114143
1044.0;4.0;0.8;-0.875786962388
1045.0;4.0;1.2;-0.875795253842
1046.0;4.0;1.6;-0.87579530024
1047.0;4.0;2.0;-0.875795275199
1048.0;4.0;2.4;-0.875795391899
1049.0;4.0;2.8;-0.875795474647
1050.0;4.0;3.2;-0.875795719236
1051.0;4.0;3.6;-0.875796322672
1052.0;4.0;4.0;-0.875795444558
1053.0;-0.1;-0.5;-0.0373610005028
1054.0;-0.1;-0.6;-0.0516964676177
1055.0;-0.1;-0.7;-0.0658752243392
1056.0;-0.1;-0.8;-0.0807865422193
1057.0;-0.1;-0.9;-0.0964245907565
1058.0;-0.1;-1.0;-0.112611204646
1059.0;-0.1;-1.1;-0.130027384298
1060.0;-0.1;-1.2;-0.150483178091
1061.0;-0.1;-1.3;-0.174529072594
1062.0;-0.1;-1.4;-0.198956460278
1063.0;-0.1;-1.5;-0.220388704328
1064.0;-0.1;-1.6;-0.241042136685
1065.0;-0.1;-1.7;-0.264841055493
1066.0;-0.1;-1.8;-0.291696232752
1067.0;-0.1;-1.9;-0.318993574314
1068.0;-0.1;-2.0;-0.345702725926
1069.0;-0.2;0.0;0.000810653162465
1070.0;-0.2;-0.1;0.000504189248268
1071.0;-0.2;-0.2;-0.00833516448234
1072.0;-0.2;-0.3;-0.021235870966
1073.0;-0.2;-0.4;-0.0346505618888
1074.0;-0.2;-0.5;-0.0481758995103
1075.0;-0.2;-0.6;-0.0619434206991
1076.0;-0.2;-0.7;-0.0763876993031
1077.0;-0.2;-0.8;-0.0919956952788
1078.0;-0.2;-0.9;-0.108511404054
1079.0;-0.2;-1.0;-0.125648354531
1080.0;-0.2;-1.1;-0.144097654962
1081.0;-0.2;-1.2;-0.16498131373
1082.0;-0.2;-1.3;-0.188215347656
1083.0;-0.2;-1.4;-0.212347813046
1084.0;-0.2;-1.5;-0.236294101294
1085.0;-0.2;-1.6;-0.260201189597
1086.0;-0.2;-1.7;-0.284871726254
1087.0;-0.2;-1.8;-0.310576066926
1088.0;-0.2;-1.9;-0.336673364796
1089.0;-0.2;-2.0;-0.362436484182
1090.0;-0.3;0.0;-0.00273690133947
1091.0;-0.3;-0.1;-0.00698020138459
1092.0;-0.3;-0.2;-0.021224289185
1093.0;-0.3;-0.3;-0.0363628941636
1094.0;-0.3;-0.4;-0.0478504081954
1095.0;-0.3;-0.5;-0.0591325063949
1096.0;-0.3;-0.6;-0.0725470560395
1097.0;-0.3;-0.7;-0.0877102979486
1098.0;-0.3;-0.8;-0.104094790107
1099.0;-0.3;-0.9;-0.121495858581
1100.0;-0.3;-1.0;-0.140018125762
1101.0;-0.3;-1.1;-0.159927587484
1102.0;-0.3;-1.2;-0.181009862663
1103.0;-0.3;-1.3;-0.202922786749
1104.0;-0.3;-1.4;-0.226443304989
1105.0;-0.3;-1.5;-0.252452045812
1106.0;-0.3;-1.6;-0.279474729585
1107.0;-0.3;-1.7;-0.305359301184
1108.0;-0.3;-1.8;-0.330078311172
1109.0;-0.3;-1.9;-0.354663184356
1110.0;-0.3;-2.0;-0.379326704411
1111.0;-0.4;0.0;-0.0119387405531
1112.0;-0.4;-0.1;-0.0216181281059
1113.0;-0.4;-0.2;-0.0346466105743
1114.0;-0.4;-0.3;-0.047849463824
1115.0;-0.4;-0.4;-0.0596942554654
1116.0;-0.4;-0.5;-0.0717345854037
1117.0;-0.4;-0.6;-0.0856217826816
1118.0;-0.4;-0.7;-0.101197970938
1119.0;-0.4;-0.8;-0.117800534808
1120.0;-0.4;-0.9;-0.135536148001
1121.0;-0.4;-1.0;-0.154856069342
1122.0;-0.4;-1.1;-0.175732347505
1123.0;-0.4;-1.2;-0.19767269451
1124.0;-0.4;-1.3;-0.220443213826
1125.0;-0.4;-1.4;-0.244345314633
1126.0;-0.4;-1.5;-0.269466593984
1127.0;-0.4;-1.6;-0.295048095309
1128.0;-0.4;-1.7;-0.320076707925
1129.0;-0.4;-1.8;-0.344291515621
1130.0;-0.4;-1.9;-0.368180613373
1131.0;-0.4;-2.0;-0.392192867398
1132.0;-0.5;0.0;-0.0249110491433
1133.0;-0.5;-0.1;-0.0373474253473
1134.0;-0.5;-0.2;-0.0481721979399
1135.0;-0.5;-0.3;-0.0591391671481
1136.0;-0.5;-0.4;-0.071741018779
1137.0;-0.5;-0.5;-0.0854926601034
1138.0;-0.5;-0.6;-0.100291670037
1139.0;-0.5;-0.7;-0.116136376957
1140.0;-0.5;-0.8;-0.132917544284
1141.0;-0.5;-0.9;-0.151049154435
1142.0;-0.5;-1.0;-0.170999804559
1143.0;-0.5;-1.1;-0.192626774834
1144.0;-0.5;-1.2;-0.215496266583
1145.0;-0.5;-1.3;-0.239225851063
1146.0;-0.5;-1.4;-0.263127884335
1147.0;-0.5;-1.5;-0.286480715512
1148.0;-0.5;-1.6;-0.309506954441
1149.0;-0.5;-1.7;-0.332812559736
1150.0;-0.5;-1.8;-0.356339117409
1151.0;-0.5;-1.9;-0.379842125694
1152.0;-0.5;-2.0;-0.403423232329
1153.0;-0.6;0.0;-0.0395808609899
1154.0;-0.6;-0.1;-0.0516712448452
1155.0;-0.6;-0.2;-0.061936638279
1156.0;-0.6;-0.3;-0.072553680257
1157.0;-0.6;-0.4;-0.0856291826643
1158.0;-0.6;-0.5;-0.10029374585
1159.0;-0.6;-0.6;-0.115577326372
1160.0;-0.6;-0.7;-0.131691641545
1161.0;-0.6;-0.8;-0.149178751456
1162.0;-0.6;-0.9;-0.168333528752
1163.0;-0.6;-1.0;-0.189144992049
1164.0;-0.6;-1.1;-0.211292884975
1165.0;-0.6;-1.2;-0.234298286099
1166.0;-0.6;-1.3;-0.25764068789
1167.0;-0.6;-1.4;-0.280719477412
1168.0;-0.6;-1.5;-0.303158055868
1169.0;-0.6;-1.6;-0.325262944417
1170.0;-0.6;-1.7;-0.347625995529
1171.0;-0.6;-1.8;-0.370382903968
1172.0;-0.6;-1.9;-0.393310278895
1173.0;-0.6;-2.0;-0.41626133121
1174.0;-0.7;0.0;-0.0547326419622
1175.0;-0.7;-0.1;-0.065872447118
1176.0;-0.7;-0.2;-0.0763855052913
1177.0;-0.7;-0.3;-0.0877134518096
1178.0;-0.7;-0.4;-0.101200912558
1179.0;-0.7;-0.5;-0.11613558287
1180.0;-0.7;-0.6;-0.13168987614
1181.0;-0.7;-0.7;-0.148369265177
1182.0;-0.7;-0.8;-0.16692569135
1183.0;-0.7;-0.9;-0.187251687619
1184.0;-0.7;-1.0;-0.208771304032
1185.0;-0.7;-1.1;-0.230963312535
1186.0;-0.7;-1.2;-0.253358978964
1187.0;-0.7;-1.3;-0.275600273742
1188.0;-0.7;-1.4;-0.297684086306
1189.0;-0.7;-1.5;-0.319799768867
1190.0;-0.7;-1.6;-0.341947145226
1191.0;-0.7;-1.7;-0.364052278608
1192.0;-0.7;-1.8;-0.386196311949
1193.0;-0.7;-1.9;-0.408404001966
1194.0;-0.7;-2.0;-0.430568986278
1195.0;-0.8;0.0;-0.0699401779393
1196.0;-0.8;-0.1;-0.0807982699515
1197.0;-0.8;-0.2;-0.0919984316258
1198.0;-0.8;-0.3;-0.10409653601
1199.0;-0.8;-0.4;-0.117800793844
1200.0;-0.8;-0.5;-0.132915112387
1201.0;-0.8;-0.6;-0.149175938045
1202.0;-0.8;-0.7;-0.166924543294
1203.0;-0.8;-0.8;-0.186470265196
1204.0;-0.8;-0.9;-0.207409328343
1205.0;-0.8;-1.0;-0.22898500549
1206.0;-0.8;-1.1;-0.250669814981
1207.0;-0.8;-1.2;-0.27220892697
1208.0;-0.8;-1.3;-0.293549781979
1209.0;-0.8;-1.4;-0.314912076976
1210.0;-0.8;-1.5;-0.336542131992
1211.0;-0.8;-1.6;-0.358336943244
1212.0;-0.8;-1.7;-0.380030319212
1213.0;-0.8;-1.8;-0.401581923047
1214.0;-0.8;-1.9;-0.423067919967
1215.0;-0.8;-2.0;-0.444504273322
1216.0;-0.9;0.0;-0.0856113456579
1217.0;-0.9;-0.1;-0.0964290001446
1218.0;-0.9;-0.2;-0.108512353904
1219.0;-0.9;-0.3;-0.12149744439
1220.0;-0.9;-0.4;-0.135536947052
1221.0;-0.9;-0.5;-0.151047950631
1222.0;-0.9;-0.6;-0.16833188489
1223.0;-0.9;-0.7;-0.187251184615
1224.0;-0.9;-0.8;-0.207409593693
1225.0;-0.9;-0.9;-0.228271889169
1226.0;-0.9;-1.0;-0.249278999321
1227.0;-0.9;-1.1;-0.270138508663
1228.0;-0.9;-1.2;-0.290878752063
1229.0;-0.9;-1.3;-0.311618215936
1230.0;-0.9;-1.4;-0.332413793608
1231.0;-0.9;-1.5;-0.353275940761
1232.0;-0.9;-1.6;-0.374184267029
1233.0;-0.9;-1.7;-0.395085583369
1234.0;-0.9;-1.8;-0.415924780059
1235.0;-0.9;-1.9;-0.436713879912
1236.0;-0.9;-2.0;-0.457503928406
1237.0;-1.0;0.0;-0.102445530471
1238.0;-1.0;-0.1;-0.11260571415
1239.0;-1.0;-0.2;-0.125645427871
1240.0;-1.0;-0.3;-0.140019155166
1241.0;-1.0;-0.4;-0.154857735784
1242.0;-1.0;-0.5;-0.171000020034
1243.0;-1.0;-0.6;-0.189144671692
1244.0;-1.0;-0.7;-0.208771683212
1245.0;-1.0;-0.8;-0.228985811822
1246.0;-1.0;-0.9;-0.249279449144
1247.0;-1.0;-1.0;-0.269462103931
1248.0;-1.0;-1.1;-0.289519233551
1249.0;-1.0;-1.2;-0.309576435546
1250.0;-1.0;-1.3;-0.329726209888
1251.0;-1.0;-1.4;-0.349891961124
1252.0;-1.0;-1.5;-0.369968111142
1253.0;-1.0;-1.6;-0.389989414227
1254.0;-1.0;-1.7;-0.410046678706
1255.0;-1.0;-1.8;-0.430137623136
1256.0;-1.0;-1.9;-0.450243565732
1257.0;-1.0;-2.0;-0.470382089577
1258.0;-1.1;0.0;-0.120597774442
1259.0;-1.1;-0.1;-0.130022577919
1260.0;-1.1;-0.2;-0.144094827151
1261.0;-1.1;-0.3;-0.159928427962
1262.0;-1.1;-0.4;-0.175733826146
1263.0;-1.1;-0.5;-0.192626925757
1264.0;-1.1;-0.6;-0.211292591216
1265.0;-1.1;-0.7;-0.230963650112
1266.0;-1.1;-0.8;-0.250670533353
1267.0;-1.1;-0.9;-0.270138912152
1268.0;-1.1;-1.0;-0.289519244922
1269.0;-1.1;-1.1;-0.308921507907
1270.0;-1.1;-1.2;-0.328359784097
1271.0;-1.1;-1.3;-0.347826865701
1272.0;-1.1;-1.4;-0.367283739578
1273.0;-1.1;-1.5;-0.386687618857
1274.0;-1.1;-1.6;-0.406053084447
1275.0;-1.1;-1.7;-0.42542898117
1276.0;-1.1;-1.8;-0.444839707967
1277.0;-1.1;-1.9;-0.464277339586
1278.0;-1.1;-2.0;-0.483727690817
1279.0;-1.2;0.0;-0.139804986311
1280.0;-1.2;-0.1;-0.150483764736
1281.0;-1.2;-0.2;-0.164981151752
1282.0;-1.2;-0.3;-0.181011208535
1283.0;-1.2;-0.4;-0.197673685868
1284.0;-1.2;-0.5;-0.215495754452
1285.0;-1.2;-0.6;-0.234297432543
1286.0;-1.2;-0.7;-0.253358830506
1287.0;-1.2;-0.8;-0.272209231286
1288.0;-1.2;-0.9;-0.290878847569
1289.0;-1.2;-1.0;-0.309576232377
1290.0;-1.2;-1.1;-0.328359605517
1291.0;-1.2;-1.2;-0.347153296436
1292.0;-1.2;-1.3;-0.36591479307
1293.0;-1.2;-1.4;-0.384669852755
1294.0;-1.2;-1.5;-0.403444666352
1295.0;-1.2;-1.6;-0.422227921986
1296.0;-1.2;-1.7;-0.440999557092
1297.0;-1.2;-1.8;-0.459770520778
1298.0;-1.2;-1.9;-0.478543295461
1299.0;-1.2;-2.0;-0.497302164561
1300.0;-1.3;0.0;-0.160029758483
1301.0;-1.3;-0.1;-0.174531270061
1302.0;-1.3;-0.2;-0.18821610425
1303.0;-1.3;-0.3;-0.202924199404
1304.0;-1.3;-0.4;-0.220444025124
1305.0;-1.3;-0.5;-0.239225251406
1306.0;-1.3;-0.6;-0.257639748416
1307.0;-1.3;-0.7;-0.275599976921
1308.0;-1.3;-0.8;-0.293549925189
1309.0;-1.3;-0.9;-0.311618209088
1310.0;-1.3;-1.0;-0.32972595662
1311.0;-1.3;-1.1;-0.347826642104
1312.0;-1.3;-1.2;-0.365914735742
1313.0;-1.3;-1.3;-0.383992125844
1314.0;-1.3;-1.4;-0.402075281784
1315.0;-1.3;-1.5;-0.420182608918
1316.0;-1.3;-1.6;-0.438306367131
1317.0;-1.3;-1.7;-0.456423323855
1318.0;-1.3;-1.8;-0.474526646699
1319.0;-1.3;-1.9;-0.49261995175
1320.0;-1.3;-2.0;-0.510703844285
1321.0;-1.4;0.0;-0.181663406369
1322.0;-1.4;-0.1;-0.198956372213
1323.0;-1.4;-0.2;-0.212347458598
1324.0;-1.4;-0.3;-0.226444219102
1325.0;-1.4;-0.4;-0.244346073916
1326.0;-1.4;-0.5;-0.26312757157
1327.0;-1.4;-0.6;-0.28071888282
1328.0;-1.4;-0.7;-0.297684023432
1329.0;-1.4;-0.8;-0.314912352372
1330.0;-1.4;-0.9;-0.33241389804
1331.0;-1.4;-1.0;-0.349891824976
1332.0;-1.4;-1.1;-0.367283618045
1333.0;-1.4;-1.2;-0.384669871476
1334.0;-1.4;-1.3;-0.402075341188
1335.0;-1.4;-1.4;-0.419479804743
1336.0;-1.4;-1.5;-0.436881433547
1337.0;-1.4;-1.6;-0.454290502883
1338.0;-1.4;-1.7;-0.471704864372
1339.0;-1.4;-1.8;-0.489110857904
1340.0;-1.4;-1.9;-0.506511575981
1341.0;-1.4;-2.0;-0.523919224955
1342.0;-1.5;0.0;-0.205055209053
1343.0;-1.5;-0.1;-0.22038717309
1344.0;-1.5;-0.2;-0.236292874708
1345.0;-1.5;-0.3;-0.25245250736
1346.0;-1.5;-0.4;-0.269467273447
1347.0;-1.5;-0.5;-0.286480585959
1348.0;-1.5;-0.6;-0.303157698986
1349.0;-1.5;-0.7;-0.319799860031
1350.0;-1.5;-0.8;-0.336542496172
1351.0;-1.5;-0.9;-0.353276128091
1352.0;-1.5;-1.0;-0.369968064775
1353.0;-1.5;-1.1;-0.386687572176
1354.0;-1.5;-1.2;-0.403444736181
1355.0;-1.5;-1.3;-0.420182709986
1356.0;-1.5;-1.4;-0.436881476345
1357.0;-1.5;-1.5;-0.453574802216
1358.0;-1.5;-1.6;-0.470289233005
1359.0;-1.5;-1.7;-0.487015594976
1360.0;-1.5;-1.8;-0.503732321156
1361.0;-1.5;-1.9;-0.520440860108
1362.0;-1.5;-2.0;-0.537156890955
1363.0;-1.6;0.0;-0.230069290445
1364.0;-1.6;-0.1;-0.241041269358
1365.0;-1.6;-0.2;-0.26020038263
1366.0;-1.6;-0.3;-0.279475301435
1367.0;-1.6;-0.4;-0.295048725034
1368.0;-1.6;-0.5;-0.309506770813
1369.0;-1.6;-0.6;-0.325262552879
1370.0;-1.6;-0.7;-0.341947174272
1371.0;-1.6;-0.8;-0.358337232707
1372.0;-1.6;-0.9;-0.374184403841
1373.0;-1.6;-1.0;-0.389989345449
1374.0;-1.6;-1.1;-0.406053020645
1375.0;-1.6;-1.2;-0.422227966273
1376.0;-1.6;-1.3;-0.438306442325
1377.0;-1.6;-1.4;-0.454290526283
1378.0;-1.6;-1.5;-0.470289219694
1379.0;-1.6;-1.6;-0.486342851642
1380.0;-1.6;-1.7;-0.502410180678
1381.0;-1.6;-1.8;-0.518453776771
1382.0;-1.6;-1.9;-0.534476371748
1383.0;-1.6;-2.0;-0.550500711613
1384.0;-1.7;0.0;-0.25638844567
1385.0;-1.7;-0.1;-0.264841203501
1386.0;-1.7;-0.2;-0.28487158676
1387.0;-1.7;-0.3;-0.305360105595
1388.0;-1.7;-0.4;-0.320077334257
1389.0;-1.7;-0.5;-0.332812315763
1390.0;-1.7;-0.6;-0.347625526796
1391.0;-1.7;-0.7;-0.364052205266
1392.0;-1.7;-0.8;-0.380030504358
1393.0;-1.7;-0.9;-0.395085645467
1394.0;-1.7;-1.0;-0.410046564743
1395.0;-1.7;-1.1;-0.425428880339
1396.0;-1.7;-1.2;-0.440999561015
1397.0;-1.7;-1.3;-0.456423360508
1398.0;-1.7;-1.4;-0.471704857105
1399.0;-1.7;-1.5;-0.487015557146
1400.0;-1.7;-1.6;-0.502410157459
1401.0;-1.7;-1.7;-0.517816822983
1402.0;-1.7;-1.8;-0.533182332429
1403.0;-1.7;-1.9;-0.548523052829
1404.0;-1.7;-2.0;-0.56387843677
1405.0;-1.8;0.0;-0.283370202416
1406.0;-1.8;-0.1;-0.291696419036
1407.0;-1.8;-0.2;-0.310575961421
1408.0;-1.8;-0.3;-0.330079051986
1409.0;-1.8;-0.4;-0.344292100913
1410.0;-1.8;-0.5;-0.356338901856
1411.0;-1.8;-0.6;-0.37038246893
1412.0;-1.8;-0.7;-0.386196238508
1413.0;-1.8;-0.8;-0.401582089522
1414.0;-1.8;-0.9;-0.415924835185
1415.0;-1.8;-1.0;-0.430137516153
1416.0;-1.8;-1.1;-0.444839612371
1417.0;-1.8;-1.2;-0.459770522121
1418.0;-1.8;-1.3;-0.47452667854
1419.0;-1.8;-1.4;-0.489110850106
1420.0;-1.8;-1.5;-0.503732285006
1421.0;-1.8;-1.6;-0.518453754019
1422.0;-1.8;-1.7;-0.533182331131
1423.0;-1.8;-1.8;-0.54785813498
1424.0;-1.8;-1.9;-0.562522259507
1425.0;-1.8;-2.0;-0.577233236475
1426.0;-1.9;0.0;-0.310460983416
1427.0;-1.9;-0.1;-0.318993238658
1428.0;-1.9;-0.2;-0.336672960977
1429.0;-1.9;-0.3;-0.354663727615
1430.0;-1.9;-0.4;-0.36818111184
1431.0;-1.9;-0.5;-0.379841943267
1432.0;-1.9;-0.6;-0.393309923831
1433.0;-1.9;-0.7;-0.408403989057
1434.0;-1.9;-0.8;-0.423068119669
1435.0;-1.9;-0.9;-0.436713964327
1436.0;-1.9;-1.0;-0.450243492681
1437.0;-1.9;-1.1;-0.464277273961
1438.0;-1.9;-1.2;-0.478543317395
1439.0;-1.9;-1.3;-0.492619998628
1440.0;-1.9;-1.4;-0.506511583724
1441.0;-1.9;-1.5;-0.520440840073
1442.0;-1.9;-1.6;-0.534476363215
1443.0;-1.9;-1.7;-0.548523063066
1444.0;-1.9;-1.8;-0.562522269752
1445.0;-1.9;-1.9;-0.576525863847
1446.0;-1.9;-2.0;-0.590598290976
1447.0;-2.0;0.0;-0.337439121723
1448.0;-2.0;-0.1;-0.34570227557
1449.0;-2.0;-0.2;-0.362435968218
1450.0;-2.0;-0.3;-0.379327124678
1451.0;-2.0;-0.4;-0.392193312319
1452.0;-2.0;-0.5;-0.403423076709
1453.0;-2.0;-0.6;-0.416261019274
1454.0;-2.0;-0.7;-0.430568989056
1455.0;-2.0;-0.8;-0.444504474535
1456.0;-2.0;-0.9;-0.457504022309
1457.0;-2.0;-1.0;-0.470382034087
1458.0;-2.0;-1.1;-0.483727638679
1459.0;-2.0;-1.2;-0.497302191892
1460.0;-2.0;-1.3;-0.510703894826
1461.0;-2.0;-1.4;-0.523919238757
1462.0;-2.0;-1.5;-0.537156878141
1463.0;-2.0;-1.6;-0.55050070857
1464.0;-2.0;-1.7;-0.563878450691
1465.0;-2.0;-1.8;-0.577233250176
1466.0;-2.0;-1.9;-0.590598294776
1467.0;-2.0;-2.0;-0.604026129732
1473.0;-0.4;-2.4;-0.488659548639
1474.0;-0.4;-2.8;-0.585134963934
1475.0;-0.4;-3.2;-0.681616004848
1476.0;-0.4;-3.6;-0.778321730316
1477.0;-0.4;-4.0;-0.875751672155
1478.0;-0.8;-2.4;-0.530290242137
1479.0;-0.8;-2.8;-0.616096822361
1480.0;-0.8;-3.2;-0.702134805941
1481.0;-0.8;-3.6;-0.788830200207
1482.0;-0.8;-4.0;-0.875786821364
1483.0;-1.2;-2.4;-0.572336396501
1484.0;-1.2;-2.8;-0.647600290755
1485.0;-1.2;-3.2;-0.72351046833
1486.0;-1.2;-3.6;-0.799655151505
1487.0;-1.2;-4.0;-0.875795241386
1488.0;-1.6;-2.4;-0.614913949046
1489.0;-1.6;-2.8;-0.679970780885
1490.0;-1.6;-3.2;-0.745251984882
1491.0;-1.6;-3.6;-0.810524611501
1492.0;-1.6;-4.0;-0.875795306309
1493.0;-2.0;-2.4;-0.6582116527
1494.0;-2.0;-2.8;-0.712619706354
1495.0;-2.0;-3.2;-0.767012634255
1496.0;-2.0;-3.6;-0.821404194819
1497.0;-2.0;-4.0;-0.875795278139
1498.0;-2.4;0.0;-0.445058072172
1499.0;-2.4;-0.4;-0.488659921273
1500.0;-2.4;-0.8;-0.530290388658
1501.0;-2.4;-1.2;-0.572336412263
1502.0;-2.4;-1.6;-0.614913942679
1503.0;-2.4;-2.0;-0.658211649878
1504.0;-2.4;-2.4;-0.701743257018
1505.0;-2.4;-2.8;-0.745259799034
1506.0;-2.4;-3.2;-0.788771762634
1507.0;-2.4;-3.6;-0.832283776057
1508.0;-2.4;-4.0;-0.875795392633
1509.0;-2.8;0.0;-0.552732459854
1510.0;-2.8;-0.4;-0.585135286226
1511.0;-2.8;-0.8;-0.616096941818
1512.0;-2.8;-1.2;-0.647600301289
1513.0;-2.8;-1.6;-0.679970773708
1514.0;-2.8;-2.0;-0.712619702382
1515.0;-2.8;-2.4;-0.745259797969
1516.0;-2.8;-2.8;-0.7778947707
1517.0;-2.8;-3.2;-0.810528492457
1518.0;-2.8;-3.6;-0.84316213878
1519.0;-2.8;-4.0;-0.875795474613
1520.0;-3.2;0.0;-0.660426260319
1521.0;-3.2;-0.4;-0.681616278743
1522.0;-3.2;-0.8;-0.70213490503
1523.0;-3.2;-1.2;-0.723510471232
1524.0;-3.2;-1.6;-0.745251973329
1525.0;-3.2;-2.0;-0.767012626783
1526.0;-3.2;-2.4;-0.788771758154
1527.0;-3.2;-2.8;-0.810528489641
1528.0;-3.2;-3.2;-0.832284323649
1529.0;-3.2;-3.6;-0.854040185199
1530.0;-3.2;-4.0;-0.875795717723
1531.0;-3.6;0.0;-0.768119553738
1532.0;-3.6;-0.4;-0.778321976018
1533.0;-3.6;-0.8;-0.788830289882
1534.0;-3.6;-1.2;-0.799655144148
1535.0;-3.6;-1.6;-0.810524590881
1536.0;-3.6;-2.0;-0.821404179955
1537.0;-3.6;-2.4;-0.832283765242
1538.0;-3.6;-2.8;-0.843162130738
1539.0;-3.6;-3.2;-0.854040180227
1540.0;-3.6;-3.6;-0.864918302048
1541.0;-3.6;-4.0;-0.87579631836
1542.0;-4.0;0.0;-0.875795444432
1543.0;-4.0;-0.4;-0.875752114143
1544.0;-4.0;-0.8;-0.875786962388
1545.0;-4.0;-1.2;-0.875795253842
1546.0;-4.0;-1.6;-0.87579530024
1547.0;-4.0;-2.0;-0.875795275199
1548.0;-4.0;-2.4;-0.875795391899
1549.0;-4.0;-2.8;-0.875795474647
1550.0;-4.0;-3.2;-0.875795719236
1551.0;-4.0;-3.6;-0.875796322672
1552.0;-4.0;-4.0;-0.875795444558
1573.0;-0.1;0.1;0.000471868843864
1574.0;-0.1;0.2;0.000475653162819
1575.0;-0.1;0.3;-0.00694885581987
1576.0;-0.1;0.4;-0.021587769173
1577.0;-0.1;0.5;-0.0373610005028
1578.0;-0.1;0.6;-0.0516964676177
1579.0;-0.1;0.7;-0.0658752243392
1580.0;-0.1;0.8;-0.0807865422193
1581.0;-0.1;0.9;-0.0964245907565
1582.0;-0.1;1.0;-0.112611204646
1583.0;-0.1;1.1;-0.130027384298
1584.0;-0.1;1.2;-0.150483178091
1585.0;-0.1;1.3;-0.174529072594
1586.0;-0.1;1.4;-0.198956460278
1587.0;-0.1;1.5;-0.220388704328
1588.0;-0.1;1.6;-0.241042136685
1589.0;-0.1;1.7;-0.264841055493
1590.0;-0.1;1.8;-0.291696232752
1591.0;-0.1;1.9;-0.318993574314
1592.0;-0.1;2.0;-0.345702725926
1593.0;-0.2;0.1;0.000504189248268
1594.0;-0.2;0.2;-0.00833516448234
1595.0;-0.2;0.3;-0.021235870966
1596.0;-0.2;0.4;-0.0346505618888
1597.0;-0.2;0.5;-0.0481758995103
1598.0;-0.2;0.6;-0.0619434206991
1599.0;-0.2;0.7;-0.0763876993031
1600.0;-0.2;0.8;-0.0919956952788
1601.0;-0.2;0.9;-0.108511404054
1602.0;-0.2;1.0;-0.125648354531
1603.0;-0.2;1.1;-0.144097654962
1604.0;-0.2;1.2;-0.16498131373
1605.0;-0.2;1.3;-0.188215347656
1606.0;-0.2;1.4;-0.212347813046
1607.0;-0.2;1.5;-0.236294101294
1608.0;-0.2;1.6;-0.260201189597
1609.0;-0.2;1.7;-0.284871726254
1610.0;-0.2;1.8;-0.310576066926
1611.0;-0.2;1.9;-0.336673364796
1612.0;-0.2;2.0;-0.362436484182
1613.0;-0.3;0.1;-0.00698020138459
1614.0;-0.3;0.2;-0.021224289185
1615.0;-0.3;0.3;-0.0363628941636
1616.0;-0.3;0.4;-0.0478504081954
1617.0;-0.3;0.5;-0.0591325063949
1618.0;-0.3;0.6;-0.0725470560395
1619.0;-0.3;0.7;-0.0877102979486
1620.0;-0.3;0.8;-0.104094790107
1621.0;-0.3;0.9;-0.121495858581
1622.0;-0.3;1.0;-0.140018125762
1623.0;-0.3;1.1;-0.159927587484
1624.0;-0.3;1.2;-0.181009862663
1625.0;-0.3;1.3;-0.202922786749
1626.0;-0.3;1.4;-0.226443304989
1627.0;-0.3;1.5;-0.252452045812
1628.0;-0.3;1.6;-0.279474729585
1629.0;-0.3;1.7;-0.305359301184
1630.0;-0.3;1.8;-0.330078311172
1631.0;-0.3;1.9;-0.354663184356
1632.0;-0.3;2.0;-0.379326704411
1633.0;-0.4;0.1;-0.0216181281059
1634.0;-0.4;0.2;-0.0346466105743
1635.0;-0.4;0.3;-0.047849463824
1636.0;-0.4;0.4;-0.0596942554654
1637.0;-0.4;0.5;-0.0717345854037
1638.0;-0.4;0.6;-0.0856217826816
1639.0;-0.4;0.7;-0.101197970938
1640.0;-0.4;0.8;-0.117800534808
1641.0;-0.4;0.9;-0.135536148001
1642.0;-0.4;1.0;-0.154856069342
1643.0;-0.4;1.1;-0.175732347505
1644.0;-0.4;1.2;-0.19767269451
1645.0;-0.4;1.3;-0.220443213826
1646.0;-0.4;1.4;-0.244345314633
1647.0;-0.4;1.5;-0.269466593984
1648.0;-0.4;1.6;-0.295048095309
1649.0;-0.4;1.7;-0.320076707925
1650.0;-0.4;1.8;-0.344291515621
1651.0;-0.4;1.9;-0.368180613373
1652.0;-0.4;2.0;-0.392192867398
1653.0;-0.5;0.1;-0.0373474253473
1654.0;-0.5;0.2;-0.0481721979399
1655.0;-0.5;0.3;-0.0591391671481
1656.0;-0.5;0.4;-0.071741018779
1657.0;-0.5;0.5;-0.0854926601034
1658.0;-0.5;0.6;-0.100291670037
1659.0;-0.5;0.7;-0.116136376957
1660.0;-0.5;0.8;-0.132917544284
1661.0;-0.5;0.9;-0.151049154435
1662.0;-0.5;1.0;-0.170999804559
1663.0;-0.5;1.1;-0.192626774834
1664.0;-0.5;1.2;-0.215496266583
1665.0;-0.5;1.3;-0.239225851063
1666.0;-0.5;1.4;-0.263127884335
1667.0;-0.5;1.5;-0.286480715512
1668.0;-0.5;1.6;-0.309506954441
1669.0;-0.5;1.7;-0.332812559736
1670.0;-0.5;1.8;-0.356339117409
1671.0;-0.5;1.9;-0.379842125694
1672.0;-0.5;2.0;-0.403423232329
1673.0;-0.6;0.1;-0.0516712448452
1674.0;-0.6;0.2;-0.061936638279
1675.0;-0.6;0.3;-0.072553680257
1676.0;-0.6;0.4;-0.0856291826643
1677.0;-0.6;0.5;-0.10029374585
1678.0;-0.6;0.6;-0.115577326372
1679.0;-0.6;0.7;-0.131691641545
1680.0;-0.6;0.8;-0.149178751456
1681.0;-0.6;0.9;-0.168333528752
1682.0;-0.6;1.0;-0.189144992049
1683.0;-0.6;1.1;-0.211292884975
1684.0;-0.6;1.2;-0.234298286099
1685.0;-0.6;1.3;-0.25764068789
1686.0;-0.6;1.4;-0.280719477412
1687.0;-0.6;1.5;-0.303158055868
1688.0;-0.6;1.6;-0.325262944417
1689.0;-0.6;1.7;-0.347625995529
1690.0;-0.6;1.8;-0.370382903968
1691.0;-0.6;1.9;-0.393310278895
1692.0;-0.6;2.0;-0.41626133121
1693.0;-0.7;0.1;-0.065872447118
1694.0;-0.7;0.2;-0.0763855052913
1695.0;-0.7;0.3;-0.0877134518096
1696.0;-0.7;0.4;-0.101200912558
1697.0;-0.7;0.5;-0.11613558287
1698.0;-0.7;0.6;-0.13168987614
1699.0;-0.7;0.7;-0.148369265177
1700.0;-0.7;0.8;-0.16692569135
1701.0;-0.7;0.9;-0.187251687619
1702.0;-0.7;1.0;-0.208771304032
1703.0;-0.7;1.1;-0.230963312535
1704.0;-0.7;1.2;-0.253358978964
1705.0;-0.7;1.3;-0.275600273742
1706.0;-0.7;1.4;-0.297684086306
1707.0;-0.7;1.5;-0.319799768867
1708.0;-0.7;1.6;-0.341947145226
1709.0;-0.7;1.7;-0.364052278608
1710.0;-0.7;1.8;-0.386196311949
1711.0;-0.7;1.9;-0.408404001966
1712.0;-0.7;2.0;-0.430568986278
1713.0;-0.8;0.1;-0.0807982699515
1714.0;-0.8;0.2;-0.0919984316258
1715.0;-0.8;0.3;-0.10409653601
1716.0;-0.8;0.4;-0.117800793844
1717.0;-0.8;0.5;-0.132915112387
1718.0;-0.8;0.6;-0.149175938045
1719.0;-0.8;0.7;-0.166924543294
1720.0;-0.8;0.8;-0.186470265196
1721.0;-0.8;0.9;-0.207409328343
1722.0;-0.8;1.0;-0.22898500549
1723.0;-0.8;1.1;-0.250669814981
1724.0;-0.8;1.2;-0.27220892697
1725.0;-0.8;1.3;-0.293549781979
1726.0;-0.8;1.4;-0.314912076976
1727.0;-0.8;1.5;-0.336542131992
1728.0;-0.8;1.6;-0.358336943244
1729.0;-0.8;1.7;-0.380030319212
1730.0;-0.8;1.8;-0.401581923047
1731.0;-0.8;1.9;-0.423067919967
1732.0;-0.8;2.0;-0.444504273322
1733.0;-0.9;0.1;-0.0964290001446
1734.0;-0.9;0.2;-0.108512353904
1735.0;-0.9;0.3;-0.12149744439
1736.0;-0.9;0.4;-0.135536947052
1737.0;-0.9;0.5;-0.151047950631
1738.0;-0.9;0.6;-0.16833188489
1739.0;-0.9;0.7;-0.187251184615
1740.0;-0.9;0.8;-0.207409593693
1741.0;-0.9;0.9;-0.228271889169
1742.0;-0.9;1.0;-0.249278999321
1743.0;-0.9;1.1;-0.270138508663
1744.0;-0.9;1.2;-0.290878752063
1745.0;-0.9;1.3;-0.311618215936
1746.0;-0.9;1.4;-0.332413793608
1747.0;-0.9;1.5;-0.353275940761
1748.0;-0.9;1.6;-0.374184267029
1749.0;-0.9;1.7;-0.395085583369
1750.0;-0.9;1.8;-0.415924780059
1751.0;-0.9;1.9;-0.436713879912
1752.0;-0.9;2.0;-0.457503928406
1753.0;-1.0;0.1;-0.11260571415
1754.0;-1.0;0.2;-0.125645427871
1755.0;-1.0;0.3;-0.140019155166
1756.0;-1.0;0.4;-0.154857735784
1757.0;-1.0;0.5;-0.171000020034
1758.0;-1.0;0.6;-0.189144671692
1759.0;-1.0;0.7;-0.208771683212
1760.0;-1.0;0.8;-0.228985811822
1761.0;-1.0;0.9;-0.249279449144
1762.0;-1.0;1.0;-0.269462103931
1763.0;-1.0;1.1;-0.289519233551
1764.0;-1.0;1.2;-0.309576435546
1765.0;-1.0;1.3;-0.329726209888
1766.0;-1.0;1.4;-0.349891961124
1767.0;-1.0;1.5;-0.369968111142
1768.0;-1.0;1.6;-0.389989414227
1769.0;-1.0;1.7;-0.410046678706
1770.0;-1.0;1.8;-0.430137623136
1771.0;-1.0;1.9;-0.450243565732
1772.0;-1.0;2.0;-0.470382089577
1773.0;-1.1;0.1;-0.130022577919
1774.0;-1.1;0.2;-0.144094827151
1775.0;-1.1;0.3;-0.159928427962
1776.0;-1.1;0.4;-0.175733826146
1777.0;-1.1;0.5;-0.192626925757
1778.0;-1.1;0.6;-0.211292591216
1779.0;-1.1;0.7;-0.230963650112
1780.0;-1.1;0.8;-0.250670533353
1781.0;-1.1;0.9;-0.270138912152
1782.0;-1.1;1.0;-0.289519244922
1783.0;-1.1;1.1;-0.308921507907
1784.0;-1.1;1.2;-0.328359784097
1785.0;-1.1;1.3;-0.347826865701
1786.0;-1.1;1.4;-0.367283739578
1787.0;-1.1;1.5;-0.386687618857
1788.0;-1.1;1.6;-0.406053084447
1789.0;-1.1;1.7;-0.42542898117
1790.0;-1.1;1.8;-0.444839707967
1791.0;-1.1;1.9;-0.464277339586
1792.0;-1.1;2.0;-0.483727690817
1793.0;-1.2;0.1;-0.150483764736
1794.0;-1.2;0.2;-0.164981151752
1795.0;-1.2;0.3;-0.181011208535
1796.0;-1.2;0.4;-0.197673685868
1797.0;-1.2;0.5;-0.215495754452
1798.0;-1.2;0.6;-0.234297432543
1799.0;-1.2;0.7;-0.253358830506
1800.0;-1.2;0.8;-0.272209231286
1801.0;-1.2;0.9;-0.290878847569
1802.0;-1.2;1.0;-0.309576232377
1803.0;-1.2;1.1;-0.328359605517
1804.0;-1.2;1.2;-0.347153296436
1805.0;-1.2;1.3;-0.36591479307
1806.0;-1.2;1.4;-0.384669852755
1807.0;-1.2;1.5;-0.403444666352
1808.0;-1.2;1.6;-0.422227921986
1809.0;-1.2;1.7;-0.440999557092
1810.0;-1.2;1.8;-0.459770520778
1811.0;-1.2;1.9;-0.478543295461
1812.0;-1.2;2.0;-0.497302164561
1813.0;-1.3;0.1;-0.174531270061
1814.0;-1.3;0.2;-0.18821610425
1815.0;-1.3;0.3;-0.202924199404
1816.0;-1.3;0.4;-0.220444025124
1817.0;-1.3;0.5;-0.239225251406
1818.0;-1.3;0.6;-0.257639748416
1819.0;-1.3;0.7;-0.275599976921
1820.0;-1.3;0.8;-0.293549925189
1821.0;-1.3;0.9;-0.311618209088
1822.0;-1.3;1.0;-0.32972595662
1823.0;-1.3;1.1;-0.347826642104
1824.0;-1.3;1.2;-0.365914735742
1825.0;-1.3;1.3;-0.383992125844
1826.0;-1.3;1.4;-0.402075281784
1827.0;-1.3;1.5;-0.420182608918
1828.0;-1.3;1.6;-0.438306367131
1829.0;-1.3;1.7;-0.456423323855
1830.0;-1.3;1.8;-0.474526646699
1831.0;-1.3;1.9;-0.49261995175
1832.0;-1.3;2.0;-0.510703844285
1833.0;-1.4;0.1;-0.198956372213
1834.0;-1.4;0.2;-0.212347458598
1835.0;-1.4;0.3;-0.226444219102
1836.0;-1.4;0.4;-0.244346073916
1837.0;-1.4;0.5;-0.26312757157
1838.0;-1.4;0.6;-0.28071888282
1839.0;-1.4;0.7;-0.297684023432
1840.0;-1.4;0.8;-0.314912352372
1841.0;-1.4;0.9;-0.33241389804
1842.0;-1.4;1.0;-0.349891824976
1843.0;-1.4;1.1;-0.367283618045
1844.0;-1.4;1.2;-0.384669871476
1845.0;-1.4;1.3;-0.402075341188
1846.0;-1.4;1.4;-0.419479804743
1847.0;-1.4;1.5;-0.436881433547
1848.0;-1.4;1.6;-0.454290502883
1849.0;-1.4;1.7;-0.471704864372
1850.0;-1.4;1.8;-0.489110857904
1851.0;-1.4;1.9;-0.506511575981
1852.0;-1.4;2.0;-0.523919224955
1853.0;-1.5;0.1;-0.22038717309
1854.0;-1.5;0.2;-0.236292874708
1855.0;-1.5;0.3;-0.25245250736
1856.0;-1.5;0.4;-0.269467273447
1857.0;-1.5;0.5;-0.286480585959
1858.0;-1.5;0.6;-0.303157698986
1859.0;-1.5;0.7;-0.319799860031
1860.0;-1.5;0.8;-0.336542496172
1861.0;-1.5;0.9;-0.353276128091
1862.0;-1.5;1.0;-0.369968064775
1863.0;-1.5;1.1;-0.386687572176
1864.0;-1.5;1.2;-0.403444736181
1865.0;-1.5;1.3;-0.420182709986
1866.0;-1.5;1.4;-0.436881476345
1867.0;-1.5;1.5;-0.453574802216
1868.0;-1.5;1.6;-0.470289233005
1869.0;-1.5;1.7;-0.487015594976
1870.0;-1.5;1.8;-0.503732321156
1871.0;-1.5;1.9;-0.520440860108
1872.0;-1.5;2.0;-0.537156890955
1873.0;-1.6;0.1;-0.241041269358
1874.0;-1.6;0.2;-0.26020038263
1875.0;-1.6;0.3;-0.279475301435
1876.0;-1.6;0.4;-0.295048725034
1877.0;-1.6;0.5;-0.309506770813
1878.0;-1.6;0.6;-0.325262552879
1879.0;-1.6;0.7;-0.341947174272
1880.0;-1.6;0.8;-0.358337232707
1881.0;-1.6;0.9;-0.374184403841
1882.0;-1.6;1.0;-0.389989345449
1883.0;-1.6;1.1;-0.406053020645
1884.0;-1.6;1.2;-0.422227966273
1885.0;-1.6;1.3;-0.438306442325
1886.0;-1.6;1.4;-0.454290526283
1887.0;-1.6;1.5;-0.470289219694
1888.0;-1.6;1.6;-0.486342851642
1889.0;-1.6;1.7;-0.502410180678
1890.0;-1.6;1.8;-0.518453776771
1891.0;-1.6;1.9;-0.534476371748
1892.0;-1.6;2.0;-0.550500711613
1893.0;-1.7;0.1;-0.264841203501
1894.0;-1.7;0.2;-0.28487158676
1895.0;-1.7;0.3;-0.305360105595
1896.0;-1.7;0.4;-0.320077334257
1897.0;-1.7;0.5;-0.332812315763
1898.0;-1.7;0.6;-0.347625526796
1899.0;-1.7;0.7;-0.364052205266
1900.0;-1.7;0.8;-0.380030504358
1901.0;-1.7;0.9;-0.395085645467
1902.0;-1.7;1.0;-0.410046564743
1903.0;-1.7;1.1;-0.425428880339
1904.0;-1.7;1.2;-0.440999561015
1905.0;-1.7;1.3;-0.456423360508
1906.0;-1.7;1.4;-0.471704857105
1907.0;-1.7;1.5;-0.487015557146
1908.0;-1.7;1.6;-0.502410157459
1909.0;-1.7;1.7;-0.517816822983
1910.0;-1.7;1.8;-0.533182332429
1911.0;-1.7;1.9;-0.548523052829
1912.0;-1.7;2.0;-0.56387843677
1913.0;-1.8;0.1;-0.291696419036
1914.0;-1.8;0.2;-0.310575961421
1915.0;-1.8;0.3;-0.330079051986
1916.0;-1.8;0.4;-0.344292100913
1917.0;-1.8;0.5;-0.356338901856
1918.0;-1.8;0.6;-0.37038246893
1919.0;-1.8;0.7;-0.386196238508
1920.0;-1.8;0.8;-0.401582089522
1921.0;-1.8;0.9;-0.415924835185
1922.0;-1.8;1.0;-0.430137516153
1923.0;-1.8;1.1;-0.444839612371
1924.0;-1.8;1.2;-0.459770522121
1925.0;-1.8;1.3;-0.47452667854
1926.0;-1.8;1.4;-0.489110850106
1927.0;-1.8;1.5;-0.503732285006
1928.0;-1.8;1.6;-0.518453754019
1929.0;-1.8;1.7;-0.533182331131
1930.0;-1.8;1.8;-0.54785813498
1931.0;-1.8;1.9;-0.562522259507
1932.0;-1.8;2.0;-0.577233236475
1933.0;-1.9;0.1;-0.318993238658
1934.0;-1.9;0.2;-0.336672960977
1935.0;-1.9;0.3;-0.354663727615
1936.0;-1.9;0.4;-0.36818111184
1937.0;-1.9;0.5;-0.379841943267
1938.0;-1.9;0.6;-0.393309923831
1939.0;-1.9;0.7;-0.408403989057
1940.0;-1.9;0.8;-0.423068119669
1941.0;-1.9;0.9;-0.436713964327
1942.0;-1.9;1.0;-0.450243492681
1943.0;-1.9;1.1;-0.464277273961
1944.0;-1.9;1.2;-0.478543317395
1945.0;-1.9;1.3;-0.492619998628
1946.0;-1.9;1.4;-0.506511583724
1947.0;-1.9;1.5;-0.520440840073
1948.0;-1.9;1.6;-0.534476363215
1949.0;-1.9;1.7;-0.548523063066
1950.0;-1.9;1.8;-0.562522269752
1951.0;-1.9;1.9;-0.576525863847
1952.0;-1.9;2.0;-0.590598290976
1953.0;-2.0;0.1;-0.34570227557
1954.0;-2.0;0.2;-0.362435968218
1955.0;-2.0;0.3;-0.379327124678
1956.0;-2.0;0.4;-0.392193312319
1957.0;-2.0;0.5;-0.403423076709
1958.0;-2.0;0.6;-0.416261019274
1959.0;-2.0;0.7;-0.430568989056
1960.0;-2.0;0.8;-0.444504474535
1961.0;-2.0;0.9;-0.457504022309
1962.0;-2.0;1.0;-0.470382034087
1963.0;-2.0;1.1;-0.483727638679
1964.0;-2.0;1.2;-0.497302191892
1965.0;-2.0;1.3;-0.510703894826
1966.0;-2.0;1.4;-0.523919238757
1967.0;-2.0;1.5;-0.537156878141
1968.0;-2.0;1.6;-0.55050070857
1969.0;-2.0;1.7;-0.563878450691
1970.0;-2.0;1.8;-0.577233250176
1971.0;-2.0;1.9;-0.590598294776
1972.0;-2.0;2.0;-0.604026129732
1978.0;-0.4;2.4;-0.488659548639
1979.0;-0.4;2.8;-0.585134963934
1980.0;-0.4;3.2;-0.681616004848
1981.0;-0.4;3.6;-0.778321730316
1982.0;-0.4;4.0;-0.875751672155
1983.0;-0.8;2.4;-0.530290242137
1984.0;-0.8;2.8;-0.616096822361
1985.0;-0.8;3.2;-0.702134805941
1986.0;-0.8;3.6;-0.788830200207
1987.0;-0.8;4.0;-0.875786821364
1988.0;-1.2;2.4;-0.572336396501
1989.0;-1.2;2.8;-0.647600290755
1990.0;-1.2;3.2;-0.72351046833
1991.0;-1.2;3.6;-0.799655151505
1992.0;-1.2;4.0;-0.875795241386
1993.0;-1.6;2.4;-0.614913949046
1994.0;-1.6;2.8;-0.679970780885
1995.0;-1.6;3.2;-0.745251984882
1996.0;-1.6;3.6;-0.810524611501
1997.0;-1.6;4.0;-0.875795306309
1998.0;-2.0;2.4;-0.6582116527
1999.0;-2.0;2.8;-0.712619706354
2000.0;-2.0;3.2;-0.767012634255
2001.0;0.0;0.0;-0
2002.0;-2.0;3.6;-0.821404194819
2003.0;-2.0;4.0;-0.875795278139
2004.0;-2.4;0.4;-0.488659921273
2005.0;-2.4;0.8;-0.530290388658
2006.0;-2.4;1.2;-0.572336412263
2007.0;-2.4;1.6;-0.614913942679
2008.0;-2.4;2.0;-0.658211649878
2009.0;-2.4;2.4;-0.701743257018
2010.0;-2.4;2.8;-0.745259799034
2011.0;-2.4;3.2;-0.788771762634
2012.0;-2.4;3.6;-0.832283776057
2013.0;-2.4;4.0;-0.875795392633
2014.0;-2.8;0.4;-0.585135286226
2015.0;-2.8;0.8;-0.616096941818
2016.0;-2.8;1.2;-0.647600301289
2017.0;-2.8;1.6;-0.679970773708
2018.0;-2.8;2.0;-0.712619702382
2019.0;-2.8;2.4;-0.745259797969
2020.0;-2.8;2.8;-0.7778947707
2021.0;-2.8;3.2;-0.810528492457
2022.0;-2.8;3.6;-0.84316213878
2023.0;-2.8;4.0;-0.875795474613
2024.0;-3.2;0.4;-0.681616278743
2025.0;-3.2;0.8;-0.70213490503
2026.0;-3.2;1.2;-0.723510471232
2027.0;-3.2;1.6;-0.745251973329
2028.0;-3.2;2.0;-0.767012626783
2029.0;-3.2;2.4;-0.788771758154
2030.0;-3.2;2.8;-0.810528489641
2031.0;-3.2;3.2;-0.832284323649
2032.0;-3.2;3.6;-0.854040185199
2033.0;-3.2;4.0;-0.875795717723
2034.0;-3.6;0.4;-0.778321976018
2035.0;-3.6;0.8;-0.788830289882
2036.0;-3.6;1.2;-0.799655144148
2037.0;-3.6;1.6;-0.810524590881
2038.0;-3.6;2.0;-0.821404179955
2039.0;-3.6;2.4;-0.832283765242
2040.0;-3.6;2.8;-0.843162130738
2041.0;-3.6;3.2;-0.854040180227
2042.0;-3.6;3.6;-0.864918302048
2043.0;-3.6;4.0;-0.87579631836
2044.0;-4.0;0.4;-0.875752114143
2045.0;-4.0;0.8;-0.875786962388
2046.0;-4.0;1.2;-0.875795253842
2047.0;-4.0;1.6;-0.87579530024
2048.0;-4.0;2.0;-0.875795275199
2049.0;-4.0;2.4;-0.875795391899
2050.0;-4.0;2.8;-0.875795474647
2051.0;-4.0;3.2;-0.875795719236
2052.0;-4.0;3.6;-0.875796322672
2053.0;-4.0;4.0;-0.875795444558
