element_number;x[m];y[m];z_middle[m];t[mm]
1.0;0.05;-0.05;0.154942193184;309.024930307
2.0;0.05;-0.15;0.15390345677;311.804921998
3.0;0.05;-0.25;0.154865920121;309.340796376
4.0;0.05;-0.35;0.164153613835;289.702471922
5.0;0.05;-0.45;0.178507203617;262.811328621
6.0;0.05;-0.55;0.193401524329;237.245067018
7.0;0.05;-0.65;0.20794845773;213.357329136
8.0;0.05;-0.75;0.222675768569;189.749457548
9.0;0.05;-0.85;0.237859146419;166.427956135
10.0;0.05;-0.95;0.253744839479;144.475100407
11.0;0.05;-1.05;0.270644462196;124.563329538
12.0;0.05;-1.15;0.289289127902;107.889676343
13.0;0.05;-1.25;0.310651483858;96.5077008436
14.0;0.05;-1.35;0.333896370266;89.3095434302
15.0;0.05;-1.45;0.356541825262;81.4012542889
16.0;0.05;-1.55;0.378098041732;71.0171749705
17.0;0.05;-1.65;0.401179124043;63.213139645
18.0;0.05;-1.75;0.427230401953;61.2647911934
19.0;0.05;-1.85;0.454534866472;62.0706980636
20.0;0.05;-1.95;0.481687876173;62.695743974
21.0;0.15;-0.05;0.153797182881;311.596187091
22.0;0.15;-0.15;0.155401710328;309.12246395
23.0;0.15;-0.25;0.162286866744;292.521002427
24.0;0.15;-0.35;0.17522032315;266.557153377
25.0;0.15;-0.45;0.190467447769;237.943008133
26.0;0.15;-0.55;0.204965160595;212.395617187
27.0;0.15;-0.65;0.218893581421;189.351356915
28.0;0.15;-0.75;0.233531477122;167.436604808
29.0;0.15;-0.85;0.249194923509;146.452599317
30.0;0.15;-0.95;0.265454088136;126.534837759
31.0;0.15;-1.05;0.28238767272;108.045605843
32.0;0.15;-1.15;0.301430976354;93.4788263988
33.0;0.15;-1.25;0.324070446831;85.8805653697
34.0;0.15;-1.35;0.348908282503;83.1684555411
35.0;0.15;-1.45;0.372503960972;78.6000551118
36.0;0.15;-1.55;0.394074433112;69.7098625274
37.0;0.15;-1.65;0.416581421174;62.1725940349
38.0;0.15;-1.75;0.441970715272;60.2495282726
39.0;0.15;-1.85;0.468831498551;61.4968074416
40.0;0.15;-1.95;0.495465003592;62.4638714974
41.0;0.25;-0.05;0.154896143901;309.380342657
42.0;0.25;-0.15;0.16227436796;292.500027979
43.0;0.25;-0.25;0.17716740394;262.013639477
44.0;0.25;-0.35;0.190380296565;235.258132028
45.0;0.25;-0.45;0.202159079742;212.971079648
46.0;0.25;-0.55;0.214952547647;189.35225824
47.0;0.25;-0.65;0.22915695364;166.008292468
48.0;0.25;-0.75;0.244608796402;145.127987123
49.0;0.25;-0.85;0.261194945481;127.276620571
50.0;0.25;-0.95;0.278630074829;111.401971407
51.0;0.25;-1.05;0.297112521205;97.4065892972
52.0;0.25;-1.15;0.317225783662;86.465230966
53.0;0.25;-1.25;0.338878555321;78.6473859099
54.0;0.25;-1.35;0.36182592515;73.4511058318
55.0;0.25;-1.45;0.386353835545;71.2825602166
56.0;0.25;-1.55;0.412254168447;71.9370978787
57.0;0.25;-1.65;0.438134576814;72.7558243972
58.0;0.25;-1.75;0.463301175987;72.1543786783
59.0;0.25;-1.85;0.488512674745;71.5554021213
60.0;0.25;-1.95;0.513752256336;71.0664637316
61.0;0.35;-0.05;0.164240117861;289.883038547
62.0;0.35;-0.15;0.175226924163;266.566700573
63.0;0.35;-0.25;0.190372356373;235.239643976
64.0;0.35;-0.35;0.203240606337;209.298200983
65.0;0.35;-0.45;0.214264081338;187.853995295
66.0;0.35;-0.55;0.226654521912;166.958694524
67.0;0.35;-0.65;0.241236956063;145.628642067
68.0;0.35;-0.75;0.257260049116;126.450330326
69.0;0.35;-0.85;0.274324534471;110.635103194
70.0;0.35;-0.95;0.292602987531;97.8843790736
71.0;0.35;-1.05;0.312350771356;87.8358905579
72.0;0.35;-1.15;0.333371255398;80.1002706776
73.0;0.35;-1.25;0.355143771051;73.909132322
74.0;0.35;-1.35;0.377926724913;69.7027375356
75.0;0.35;-1.45;0.402719755866;69.3216784821
76.0;0.35;-1.55;0.42928487117;72.5333281904
77.0;0.35;-1.65;0.45567454297;75.7363309237
78.0;0.35;-1.75;0.480668854152;76.280640006
79.0;0.35;-1.85;0.504886407404;75.1557284698
80.0;0.35;-1.95;0.529089184318;73.9278299014
81.0;0.45;-0.05;0.178525191945;262.87919247
82.0;0.45;-0.15;0.190467373352;237.949192579
83.0;0.45;-0.25;0.202159053681;212.969210091
84.0;0.45;-0.35;0.214268748775;187.863312036
85.0;0.45;-0.45;0.226780386543;165.912517573
86.0;0.45;-0.55;0.240389210393;146.272294014
87.0;0.45;-0.65;0.255497204254;127.875199515
88.0;0.45;-0.75;0.271698987557;111.141113005
89.0;0.45;-0.85;0.2888831886;97.0825221531
90.0;0.45;-0.95;0.307595117322;86.4807096492
91.0;0.45;-1.05;0.328101156857;79.2342811596
92.0;0.45;-1.15;0.350023632493;74.5672209178
93.0;0.45;-1.25;0.372988860847;72.0030814583
94.0;0.45;-1.35;0.39674866375;71.1732733636
95.0;0.45;-1.45;0.420912182467;71.2463883017
96.0;0.45;-1.55;0.445111669767;71.359489644
97.0;0.45;-1.65;0.469284570852;71.3906678245
98.0;0.45;-1.75;0.493351573092;71.2655692791
99.0;0.45;-1.85;0.517118572017;70.5730450674
100.0;0.45;-1.95;0.540871923683;69.7987927584
101.0;0.55;-0.05;0.193366115586;237.179938275
102.0;0.55;-0.15;0.204949446666;212.366584908
103.0;0.55;-0.25;0.21495489101;189.357279753
104.0;0.55;-0.35;0.226663849206;166.977110031
105.0;0.55;-0.45;0.24039418132;146.281815555
106.0;0.55;-0.55;0.255136847761;128.08741036
107.0;0.55;-0.65;0.270651936049;111.916796225
108.0;0.55;-0.75;0.287132682273;97.7879373865
109.0;0.55;-0.85;0.304905135539;86.4446651253
110.0;0.55;-0.95;0.324376629153;78.567286936
111.0;0.55;-1.05;0.345587333578;73.9972485862
112.0;0.55;-1.15;0.368141897439;71.9595052227
113.0;0.55;-1.25;0.391603339355;71.7766980958
114.0;0.55;-1.35;0.415351258964;72.3710177112
115.0;0.55;-1.45;0.438555350915;72.0423157626
116.0;0.55;-1.55;0.461023009582;70.1705325757
117.0;0.55;-1.65;0.483487587838;68.1406036233
118.0;0.55;-1.75;0.506457251985;67.1008448635
119.0;0.55;-1.85;0.52967129995;66.6041451693
120.0;0.55;-1.95;0.552960789571;66.2608765281
121.0;0.65;-0.05;0.207929788214;213.309263845
122.0;0.65;-0.15;0.218882335355;189.325532239
123.0;0.65;-0.25;0.229157603615;166.009725973
124.0;0.65;-0.35;0.241243234355;145.642129869
125.0;0.65;-0.45;0.255500327362;127.882190652
126.0;0.65;-0.55;0.270651449979;111.916273198
127.0;0.65;-0.65;0.286420144099;97.9222124195
128.0;0.65;-0.75;0.303539297678;86.6633097198
129.0;0.65;-0.85;0.322462045053;78.8701741642
130.0;0.65;-0.95;0.343020976921;74.3027855843
131.0;0.65;-1.05;0.364820730976;72.2343656063
132.0;0.65;-1.15;0.387397430155;71.7404924847
133.0;0.65;-1.25;0.410241803452;71.8353905865
134.0;0.65;-1.35;0.432960583915;71.750292463
135.0;0.65;-1.45;0.455371754759;71.0831556511
136.0;0.65;-1.55;0.477534150398;69.8947212414
137.0;0.65;-1.65;0.499674599085;68.6139514051
138.0;0.65;-1.75;0.521998209221;67.6742631079
139.0;0.65;-1.85;0.544536213026;67.1747995567
140.0;0.65;-1.95;0.567120461567;66.7900474435
141.0;0.75;-0.05;0.222689036371;189.770411457
142.0;0.75;-0.15;0.233534170605;167.439395239
143.0;0.75;-0.25;0.244610131513;145.130310168
144.0;0.75;-0.35;0.257262221098;126.455149179
145.0;0.75;-0.45;0.271698425529;111.140411662
146.0;0.75;-0.55;0.287129927253;97.782714005
147.0;0.75;-0.65;0.303537487146;86.6599167741
148.0;0.75;-0.75;0.321642271014;78.8837438676
149.0;0.75;-0.85;0.341638560809;74.4761209807
150.0;0.75;-0.95;0.362917410266;72.5946198966
151.0;0.75;-1.05;0.384800150391;72.0687407981
152.0;0.75;-1.15;0.406838320425;71.9742463219
153.0;0.75;-1.25;0.428705058859;71.5656400145
154.0;0.75;-1.35;0.450387277145;70.7426547804
155.0;0.75;-1.45;0.472180052887;70.0880875836
156.0;0.75;-1.55;0.494211413944;69.9217711755
157.0;0.75;-1.65;0.516249078535;69.8087165599
158.0;0.75;-1.75;0.53814383883;69.4116104797
159.0;0.75;-1.85;0.560009638305;68.9455391619
160.0;0.75;-1.95;0.581830396828;68.4002897998
161.0;0.85;-0.05;0.237874250554;166.460906992
162.0;0.85;-0.15;0.249200115057;146.46389882
163.0;0.85;-0.25;0.261196751248;127.280317138
164.0;0.85;-0.35;0.274325783957;110.637509492
165.0;0.85;-0.45;0.288882223922;97.0804396794
166.0;0.85;-0.55;0.304902580514;86.4394264872
167.0;0.85;-0.65;0.322460262344;78.8665224548
168.0;0.85;-0.75;0.341638230756;74.4754030881
169.0;0.85;-0.85;0.36217707182;72.685445973
170.0;0.85;-0.95;0.383425980919;72.1880450972
171.0;0.85;-1.05;0.404782738686;72.0233870128
172.0;0.85;-1.15;0.425999171121;71.6641664658
173.0;0.85;-1.25;0.447066533498;71.00333314
174.0;0.85;-1.35;0.468099986799;70.2247395007
175.0;0.85;-1.45;0.48927421398;69.6938634825
176.0;0.85;-1.55;0.510631068944;69.5405432663
177.0;0.85;-1.65;0.532015604407;69.4741698184
178.0;0.85;-1.75;0.553291374084;69.2017271277
179.0;0.85;-1.85;0.574465103486;68.7195479995
180.0;0.85;-1.95;0.595592102349;68.139481494
181.0;0.95;-0.05;0.25374432707;144.477238134
182.0;0.95;-0.15;0.265452059585;126.532289541
183.0;0.95;-0.25;0.278630272389;111.402759326
184.0;0.95;-0.35;0.292604736039;97.8877606582
185.0;0.95;-0.45;0.30759561989;86.4814781561
186.0;0.95;-0.55;0.32437578599;78.5654057754
187.0;0.95;-0.65;0.343020491845;74.301654675
188.0;0.95;-0.75;0.362917839339;72.5953475043
189.0;0.95;-0.85;0.383426485194;72.1889591084
190.0;0.95;-0.95;0.404087214811;72.1156724281
191.0;0.95;-1.05;0.424616124835;71.7056885583
192.0;0.95;-1.15;0.44501504189;71.0480784156
193.0;0.95;-1.25;0.465439818357;70.4230612164
194.0;0.95;-1.35;0.485935053167;69.925916475
195.0;0.95;-1.45;0.506424383139;69.4236269235
196.0;0.95;-1.55;0.526872367385;68.8440901494
197.0;0.95;-1.65;0.547328546823;68.2787102001
198.0;0.95;-1.75;0.567807880671;67.7613753345
199.0;0.95;-1.85;0.588262579125;67.1944914508
200.0;0.95;-1.95;0.608729789446;66.6456845199
201.0;1.05;-0.05;0.270637894076;124.550071415
202.0;1.05;-0.15;0.282382195543;108.034715513
203.0;1.05;-0.25;0.29711143696;97.4044820429
204.0;1.05;-0.35;0.312352490101;87.8392986876
205.0;1.05;-0.45;0.328102224608;79.2363922095
206.0;1.05;-0.55;0.345587241724;73.9970770329
207.0;1.05;-0.65;0.364820832463;72.2345689907
208.0;1.05;-0.75;0.384800906251;72.0702280317
209.0;1.05;-0.85;0.404783468566;72.0248361161
210.0;1.05;-0.95;0.424616364589;71.7061632571
211.0;1.05;-1.05;0.444357349581;71.1773163314
212.0;1.05;-1.15;0.464085465681;70.5203179049
213.0;1.05;-1.25;0.483876907742;69.9796654818
214.0;1.05;-1.35;0.503714999525;69.5338941768
215.0;1.05;-1.45;0.523499545552;68.9930217118
216.0;1.05;-1.55;0.543196046705;68.278925464
217.0;1.05;-1.65;0.562879758054;67.5308600712
218.0;1.05;-1.75;0.582609600373;66.8698739363
219.0;1.05;-1.85;0.602373634319;66.2759539637
220.0;1.05;-1.95;0.622167355321;65.7402518789
221.0;1.15;-0.05;0.289288015153;107.886039835
222.0;1.15;-0.15;0.30142864025;93.4734442744
223.0;1.15;-0.25;0.317225702704;86.4647958745
224.0;1.15;-0.35;0.333372772304;80.103265459
225.0;1.15;-0.45;0.350024122593;74.5682826392
226.0;1.15;-0.55;0.368141303788;71.9584619261
227.0;1.15;-0.65;0.38739713428;71.7400005296
228.0;1.15;-0.75;0.406838713058;71.975088144
229.0;1.15;-0.85;0.425999607255;71.6650748965
230.0;1.15;-0.95;0.445015081903;71.0481981305
231.0;1.15;-1.05;0.464085328318;70.5200747815
232.0;1.15;-1.15;0.48321194269;70.0980594238
233.0;1.15;-1.25;0.502339241453;69.5970587694
234.0;1.15;-1.35;0.521453953065;69.0683294376
235.0;1.15;-1.45;0.540558233297;68.5177733741
236.0;1.15;-1.55;0.559650539173;67.9454861911
237.0;1.15;-1.65;0.578733523734;67.3553945148
238.0;1.15;-1.75;0.597821297141;66.7714082338
239.0;1.15;-1.85;0.616931250968;66.2299017879
240.0;1.15;-1.95;0.636043179381;65.6949553771
241.0;1.25;-0.05;0.310655130329;96.5144803442
242.0;1.25;-0.15;0.324071310922;85.8819930597
243.0;1.25;-0.25;0.338879624965;78.6493881085
244.0;1.25;-0.35;0.35514519074;73.9119201017
245.0;1.25;-0.45;0.372988924933;72.0032469849
246.0;1.25;-0.55;0.391602337822;71.7747662643
247.0;1.25;-0.65;0.410241122668;71.8340897057
248.0;1.25;-0.75;0.428705086478;71.5657205065
249.0;1.25;-0.85;0.447066679526;71.0036308171
250.0;1.25;-0.95;0.465439665643;70.4227703651
251.0;1.25;-1.05;0.483876628355;69.9791220159
252.0;1.25;-1.15;0.502339104029;69.5967967673
253.0;1.25;-1.25;0.520777318075;69.1628743465
254.0;1.25;-1.35;0.539197015258;68.6032146079
255.0;1.25;-1.45;0.557635733928;68.0760832477
256.0;1.25;-1.55;0.576103553172;67.6084737651
257.0;1.25;-1.65;0.594572967808;67.1486814835
258.0;1.25;-1.75;0.613026724456;66.6577252912
259.0;1.25;-1.85;0.631474861089;66.1546118997
260.0;1.25;-1.95;0.649909349745;65.6257613355
261.0;1.35;-0.05;0.333898779538;89.314853979
262.0;1.35;-0.15;0.348908647135;83.1694940206
263.0;1.35;-0.25;0.361826710707;73.4527853759
264.0;1.35;-0.35;0.377927939423;69.70515005
265.0;1.35;-0.45;0.396748792767;71.1734942581
266.0;1.35;-0.55;0.415350468068;72.3694248923
267.0;1.35;-0.65;0.432960048291;71.7491903172
268.0;1.35;-0.75;0.450387348429;70.742765462
269.0;1.35;-0.85;0.468100149601;70.2250424233
270.0;1.35;-0.95;0.485934946466;69.9256902493
271.0;1.35;-1.05;0.50371477404;69.5334333829
272.0;1.35;-1.15;0.52145385171;69.0681189366
273.0;1.35;-1.25;0.539197032817;68.6032438329
274.0;1.35;-1.35;0.556948241521;68.1461519098
275.0;1.35;-1.45;0.574706800705;67.6210534056
276.0;1.35;-1.55;0.592477557355;67.1206528035
277.0;1.35;-1.65;0.610254406276;66.6343592124
278.0;1.35;-1.75;0.628024275008;66.135491316
279.0;1.35;-1.85;0.645782051143;65.6119225165
280.0;1.35;-1.95;0.663537353294;65.0824446466
281.0;1.45;-0.05;0.35654138805;81.4007042051
282.0;1.45;-0.15;0.372502551326;78.5975100424
283.0;1.45;-0.25;0.386353747871;71.2824995484
284.0;1.45;-0.35;0.402720665991;69.3234838675
285.0;1.45;-0.45;0.420912448144;71.2468996948
286.0;1.45;-0.55;0.438554904943;72.0414167976
287.0;1.45;-0.65;0.455371523553;71.082665262
288.0;1.45;-0.75;0.472180312576;70.0885793324
289.0;1.45;-0.85;0.489274506507;69.6944253389
290.0;1.45;-0.95;0.50642440294;69.4236441672
291.0;1.45;-1.05;0.523499439701;68.9928018712
292.0;1.45;-1.15;0.540558226342;68.5177511799
293.0;1.45;-1.25;0.557635822658;68.0762546258
294.0;1.45;-1.35;0.574706864708;67.6211783608
295.0;1.45;-1.45;0.591761589023;67.1314028547
296.0;1.45;-1.55;0.60881855011;66.5643973737
297.0;1.45;-1.65;0.625888432051;66.0237071741
298.0;1.45;-1.75;0.642959830624;65.4877421754
299.0;1.45;-1.85;0.660020733585;64.9303401256
300.0;1.45;-1.95;0.677086565917;64.3808024545
301.0;1.55;-0.05;0.378097267972;71.015543604
302.0;1.55;-0.15;0.394072818989;69.7066088752
303.0;1.55;-0.25;0.412253878786;71.9364674813
304.0;1.55;-0.35;0.42928564317;72.5348106868
305.0;1.55;-0.45;0.445111930579;71.3600109424
306.0;1.55;-0.55;0.461022650177;70.1698418707
307.0;1.55;-0.65;0.477533984377;69.8944191323
308.0;1.55;-0.75;0.494211682555;69.9223129414
309.0;1.55;-0.85;0.510631364109;69.5411367762
310.0;1.55;-0.95;0.526872411476;68.8441812442
311.0;1.55;-1.05;0.543195972421;68.2787857672
312.0;1.55;-1.15;0.559650548707;67.945500958
313.0;1.55;-1.25;0.576103647333;67.608665352
314.0;1.55;-1.35;0.592477628465;67.1207957653
315.0;1.55;-1.45;0.608818562039;66.5644254653
316.0;1.55;-1.55;0.625188610551;66.057801107
317.0;1.55;-1.65;0.641588307571;65.5358661611
318.0;1.55;-1.75;0.657984108397;65.0091689215
319.0;1.55;-1.85;0.674361107924;64.444732638
320.0;1.55;-1.95;0.690732339589;63.8668834124
321.0;1.65;-0.05;0.401179543638;63.2138037156
322.0;1.65;-0.15;0.416580738001;62.1711482676
323.0;1.65;-0.25;0.438134782947;72.7561681182
324.0;1.65;-0.35;0.455675407175;75.7379873668
325.0;1.65;-0.45;0.469284755134;71.3910458961
326.0;1.65;-0.55;0.483487137472;68.1397153558
327.0;1.65;-0.65;0.4996743355;68.6134397154
328.0;1.65;-0.75;0.516249233786;69.8090397305
329.0;1.65;-0.85;0.53201580093;69.4745756143
330.0;1.65;-0.95;0.5473285266;68.2786786231
331.0;1.65;-1.05;0.562879642714;67.5306451084
332.0;1.65;-1.15;0.578733493072;67.3553426132
333.0;1.65;-1.25;0.594573019197;67.1487893344
334.0;1.65;-1.35;0.610254439717;66.6344333473
335.0;1.65;-1.45;0.625888414462;66.023678026
336.0;1.65;-1.55;0.641588282697;65.5358161742
337.0;1.65;-1.65;0.657336347992;65.1382114113
338.0;1.65;-1.75;0.673067370819;64.6429701281
339.0;1.65;-1.85;0.688764886869;64.0801840113
340.0;1.65;-1.95;0.704450697878;63.4912900474
341.0;1.75;-0.05;0.427231402661;61.2667023344
342.0;1.75;-0.15;0.441970554173;60.2492423967
343.0;1.75;-0.25;0.46330158692;72.1551765731
344.0;1.75;-0.35;0.480669731248;76.282353401
345.0;1.75;-0.45;0.493351748186;71.2659101805
346.0;1.75;-0.55;0.506456792443;67.0999382143
347.0;1.75;-0.65;0.521997903579;67.6736704425
348.0;1.75;-0.75;0.538143925741;69.4117802709
349.0;1.75;-0.85;0.553291513035;69.2020106445
350.0;1.75;-0.95;0.567807831185;67.7612867279
351.0;1.75;-1.05;0.582609467497;66.8696267783
352.0;1.75;-1.15;0.597821245003;66.7713029377
353.0;1.75;-1.25;0.613026750902;66.6577851751
354.0;1.75;-1.35;0.628024288193;66.1355234809
355.0;1.75;-1.45;0.64295979918;65.4876724838
356.0;1.75;-1.55;0.657984071217;65.0090997174
357.0;1.75;-1.65;0.673067357651;64.6429503976
358.0;1.75;-1.75;0.688119929681;64.213573562
359.0;1.75;-1.85;0.703130637694;63.6364696249
360.0;1.75;-1.95;0.718148199547;63.0680497377
361.0;1.85;-0.05;0.454535381456;62.0718132335
362.0;1.85;-0.15;0.468831058439;61.4960715076
363.0;1.85;-0.25;0.48851291324;71.5558585724
364.0;1.85;-0.35;0.504887160804;75.157210813
365.0;1.85;-0.45;0.517118732381;70.5733821977
366.0;1.85;-0.55;0.529670903361;66.603353667
367.0;1.85;-0.65;0.544535969402;67.1743056305
368.0;1.85;-0.75;0.56000975565;68.9457602094
369.0;1.85;-0.85;0.57446525871;68.7198459086
370.0;1.85;-0.95;0.588262552806;67.1944424602
371.0;1.85;-1.05;0.602373527655;66.2757514619
372.0;1.85;-1.15;0.616931217967;66.2298334498
373.0;1.85;-1.25;0.631474898609;66.1546889925
374.0;1.85;-1.35;0.645782074206;65.6119645095
375.0;1.85;-1.45;0.660020714158;64.93029846
376.0;1.85;-1.55;0.674361082357;64.4446755612
377.0;1.85;-1.65;0.688764883117;64.0801802137
378.0;1.85;-1.75;0.703130645111;63.63647954
379.0;1.85;-1.85;0.717458766151;63.1134858502
380.0;1.85;-1.95;0.731822292669;62.593460083
381.0;1.95;-0.05;0.481687944727;62.6959350875
382.0;1.95;-0.15;0.495464265945;62.4624443807
383.0;1.95;-0.25;0.513752267188;71.0664839981
384.0;1.95;-0.35;0.529089796956;73.9290265343
385.0;1.95;-0.45;0.540872069007;69.7990589024
386.0;1.95;-0.55;0.552960454702;66.260217695
387.0;1.95;-0.65;0.567120276855;66.789693036
388.0;1.95;-0.75;0.581830544449;68.4005779055
389.0;1.95;-0.85;0.595592279515;68.1398347796
390.0;1.95;-0.95;0.608729791738;66.6456797743
391.0;1.95;-1.05;0.622167277493;65.7400951598
392.0;1.95;-1.15;0.636043166238;65.6949244565
393.0;1.95;-1.25;0.649909399909;65.6258562084
394.0;1.95;-1.35;0.663537388454;65.082501453
395.0;1.95;-1.45;0.677086560185;64.3807817414
396.0;1.95;-1.55;0.690732326829;63.8668643761
397.0;1.95;-1.65;0.704450704312;63.4913073894
398.0;1.95;-1.75;0.718148215583;63.0680951656
399.0;1.95;-1.85;0.731822301168;62.5934598872
400.0;1.95;-1.95;0.74554035552;62.2029689489
401.0;0.2;-2.2;0.568610576058;65.585847247
402.0;0.2;-2.6;0.671339719536;64.3192843396
403.0;0.2;-3.0;0.773975962235;62.8678087461
404.0;0.2;-3.4;0.876598240255;61.3989467563
405.0;0.2;-3.8;0.979446075979;60.3506367735
406.0;0.6;-2.2;0.617177071732;65.206315144
407.0;0.6;-2.6;0.708801340062;63.500597711
408.0;0.6;-3.0;0.800409108563;61.7627016702
409.0;0.6;-3.4;0.892249666246;60.4567432836
410.0;0.6;-3.8;0.984737761533;60.413705329
411.0;1.0;-2.2;0.665756892917;64.8151521902
412.0;1.0;-2.6;0.746317942804;62.7440627214
413.0;1.0;-3.0;0.827107529088;61.1024533215
414.0;1.0;-3.4;0.908546152812;60.7328943404
415.0;1.0;-3.8;0.990216836155;60.8376483497
416.0;1.4;-2.2;0.713822586344;63.3561778638
417.0;1.4;-2.6;0.783684829045;61.6195071944
418.0;1.4;-3.0;0.854196311954;61.1621487874
419.0;1.4;-3.4;0.924936367303;61.1716611197
420.0;1.4;-3.8;0.995669693827;61.1667614272
421.0;1.8;-2.2;0.761930473987;61.9054528286
422.0;1.8;-2.6;0.821556142447;61.4419805165
423.0;1.8;-3.0;0.881414705476;61.4530524956
424.0;1.8;-3.4;0.941262811591;61.4423650963
425.0;1.8;-3.8;1.00111144795;61.4327843908
426.0;2.2;-0.2;0.568610355215;65.5854302977
427.0;2.2;-0.6;0.617176764819;65.2057177171
428.0;2.2;-1.0;0.665756821973;64.8150165074
429.0;2.2;-1.4;0.713822586443;63.3561751207
430.0;2.2;-1.8;0.761930478212;61.9054428172
431.0;2.2;-2.2;0.810665359604;61.6485951342
432.0;2.2;-2.6;0.859642065761;61.6609602344
433.0;2.2;-3.0;0.908612650299;61.6601853929
434.0;2.2;-3.4;0.957581876914;61.6569165695
435.0;2.2;-3.8;1.0065517873;61.6546674383
436.0;2.6;-0.2;0.671339482356;64.3188776582
437.0;2.6;-0.6;0.708801093615;63.5000869143
438.0;2.6;-1.0;0.746317889413;62.7439385578
439.0;2.6;-1.4;0.783684832099;61.6195638894
440.0;2.6;-1.8;0.821556147927;61.4420193765
441.0;2.6;-2.2;0.85964206732;61.6609561391
442.0;2.6;-2.6;0.897727755891;61.8358077971
443.0;2.6;-3.0;0.935815522576;61.8344696197
444.0;2.6;-3.4;0.973904019435;61.8344691482
445.0;2.6;-3.8;1.01199259005;61.834612948
446.0;3.0;-0.2;0.773975751043;62.8674007695
447.0;3.0;-0.6;0.800408898913;61.7623081291
448.0;3.0;-1.0;0.827107487012;61.1023282052
449.0;3.0;-1.4;0.854196317812;61.1621687492
450.0;3.0;-1.8;0.881414712566;61.4530668839
451.0;3.0;-2.2;0.908612653631;61.6601902567
452.0;3.0;-2.6;0.935815524081;61.8344870008
453.0;3.0;-3.0;0.963021322643;61.9703893573
454.0;3.0;-3.4;0.990227442677;61.970610866
455.0;3.0;-3.8;1.01743362931;61.9706466446
456.0;3.4;-0.2;0.876598085633;61.3986897521
457.0;3.4;-0.6;0.892249485734;60.4564993469
458.0;3.4;-1.0;0.908546124571;60.7328171804
459.0;3.4;-1.4;0.924936381918;61.1716556947
460.0;3.4;-1.8;0.941262825488;61.442431614
461.0;3.4;-2.2;0.957581885766;61.6568912256
462.0;3.4;-2.6;0.973904025954;61.8344662648
463.0;3.4;-3.0;0.990227447195;61.9706708659
464.0;3.4;-3.4;1.00655096437;62.0617542218
465.0;3.4;-3.8;1.02287454197;62.0613951409
466.0;3.8;-0.2;0.979445902726;60.3505104735
467.0;3.8;-0.6;0.98473752175;60.4132369879
468.0;3.8;-1.0;0.990216795461;60.8374930788
469.0;3.8;-1.4;0.995669708556;61.1668365977
470.0;3.8;-1.8;1.00111146262;61.4329171521
471.0;3.8;-2.2;1.00655179659;61.6545906751
472.0;3.8;-2.6;1.01199259658;61.83461625
473.0;3.8;-3.0;1.01743363408;61.9706221055
474.0;3.8;-3.4;1.02287454273;62.0614580034
475.0;3.8;-3.8;1.02831579267;62.1074893733
476.0;0.05;0.05;0.154942193179;309.024930284
477.0;0.05;0.15;0.15390345677;311.804921998
478.0;0.05;0.25;0.154865920121;309.340796376
479.0;0.05;0.35;0.164153613835;289.702443036
480.0;0.05;0.45;0.178507203616;262.811345985
481.0;0.05;0.55;0.193401524329;237.245067018
482.0;0.05;0.65;0.20794845773;213.357329136
483.0;0.05;0.75;0.222675768568;189.74945342
484.0;0.05;0.85;0.23785914642;166.42795457
485.0;0.05;0.95;0.253744839479;144.475100407
486.0;0.05;1.05;0.270644462196;124.563329538
487.0;0.05;1.15;0.289289127902;107.889676965
488.0;0.05;1.25;0.310651483858;96.5076981354
489.0;0.05;1.35;0.333896370266;89.3095434302
490.0;0.05;1.45;0.356541825262;81.4012542889
491.0;0.05;1.55;0.378098041731;71.0171758368
492.0;0.05;1.65;0.401179124044;63.2131436343
493.0;0.05;1.75;0.427230401953;61.2647911934
494.0;0.05;1.85;0.454534866472;62.0706980636
495.0;0.05;1.95;0.481687876174;62.6957464682
496.0;0.15;0.05;0.153797182877;311.596185019
497.0;0.15;0.15;0.155401710328;309.12246395
498.0;0.15;0.25;0.162286866744;292.521002427
499.0;0.15;0.35;0.17522032315;266.557168899
500.0;0.15;0.45;0.19046744777;237.9430244
501.0;0.15;0.55;0.204965160595;212.395617187
502.0;0.15;0.65;0.218893581421;189.351356915
503.0;0.15;0.75;0.233531477124;167.43659815
504.0;0.15;0.85;0.24919492351;146.45259772
505.0;0.15;0.95;0.265454088136;126.534837759
506.0;0.15;1.05;0.28238767272;108.045605843
507.0;0.15;1.15;0.301430976354;93.4788264338
508.0;0.15;1.25;0.324070446831;85.8805632901
509.0;0.15;1.35;0.348908282503;83.1684555411
510.0;0.15;1.45;0.372503960972;78.6000551118
511.0;0.15;1.55;0.394074433114;69.7098611245
512.0;0.15;1.65;0.416581421174;62.1725917774
513.0;0.15;1.75;0.441970715272;60.2495282726
514.0;0.15;1.85;0.468831498551;61.4968074416
515.0;0.15;1.95;0.495465003591;62.4638743118
516.0;0.25;0.05;0.154896143899;309.380320209
517.0;0.25;0.15;0.16227436796;292.500027979
518.0;0.25;0.25;0.17716740394;262.013639477
519.0;0.25;0.35;0.190380296565;235.258135036
520.0;0.25;0.45;0.202159079746;212.971088435
521.0;0.25;0.55;0.214952547647;189.35225824
522.0;0.25;0.65;0.22915695364;166.008292468
523.0;0.25;0.75;0.244608796401;145.127983002
524.0;0.25;0.85;0.26119494548;127.276618621
525.0;0.25;0.95;0.278630074829;111.401971407
526.0;0.25;1.05;0.297112521205;97.4065892972
527.0;0.25;1.15;0.317225783662;86.465228869
528.0;0.25;1.25;0.33887855532;78.6473867606
529.0;0.25;1.35;0.36182592515;73.4511058318
530.0;0.25;1.45;0.386353835545;71.2825602166
531.0;0.25;1.55;0.412254168448;71.937097979
532.0;0.25;1.65;0.438134576814;72.7558245285
533.0;0.25;1.75;0.463301175987;72.1543786783
534.0;0.25;1.85;0.488512674745;71.5554021213
535.0;0.25;1.95;0.513752256337;71.0664610049
536.0;0.35;0.05;0.164240117873;289.883041722
537.0;0.35;0.15;0.175226924163;266.566700573
538.0;0.35;0.25;0.190372356373;235.239643976
539.0;0.35;0.35;0.203240606336;209.29822694
540.0;0.35;0.45;0.214264081336;187.854006222
541.0;0.35;0.55;0.226654521912;166.958694524
542.0;0.35;0.65;0.241236956063;145.628642067
543.0;0.35;0.75;0.257260049116;126.450329769
544.0;0.35;0.85;0.274324534471;110.635101393
545.0;0.35;0.95;0.292602987531;97.8843790736
546.0;0.35;1.05;0.312350771356;87.8358905579
547.0;0.35;1.15;0.333371255399;80.1002722605
548.0;0.35;1.25;0.355143771052;73.9091303235
549.0;0.35;1.35;0.377926724913;69.7027375356
550.0;0.35;1.45;0.402719755866;69.3216784821
551.0;0.35;1.55;0.42928487117;72.5333286699
552.0;0.35;1.65;0.45567454297;75.73633175
553.0;0.35;1.75;0.480668854152;76.280640006
554.0;0.35;1.85;0.504886407404;75.1557284698
555.0;0.35;1.95;0.529089184317;73.9278275642
556.0;0.45;0.05;0.178525191953;262.879165072
557.0;0.45;0.15;0.190467373352;237.949192579
558.0;0.45;0.25;0.202159053681;212.969210091
559.0;0.45;0.35;0.21426874878;187.863299594
560.0;0.45;0.45;0.226780386546;165.912521956
561.0;0.45;0.55;0.240389210393;146.272294014
562.0;0.45;0.65;0.255497204254;127.875199515
563.0;0.45;0.75;0.271698987559;111.141116096
564.0;0.45;0.85;0.2888831886;97.0825218832
565.0;0.45;0.95;0.307595117322;86.4807096492
566.0;0.45;1.05;0.328101156857;79.2342811596
567.0;0.45;1.15;0.350023632493;74.5672192461
568.0;0.45;1.25;0.372988860847;72.0030827255
569.0;0.45;1.35;0.39674866375;71.1732733636
570.0;0.45;1.45;0.420912182467;71.2463883017
571.0;0.45;1.55;0.445111669767;71.3594890286
572.0;0.45;1.65;0.469284570853;71.3906663504
573.0;0.45;1.75;0.493351573092;71.2655692791
574.0;0.45;1.85;0.517118572017;70.5730450674
575.0;0.45;1.95;0.540871923682;69.7987914215
576.0;0.55;0.05;0.19336611559;237.179917966
577.0;0.55;0.15;0.204949446666;212.366584908
578.0;0.55;0.25;0.21495489101;189.357279753
579.0;0.55;0.35;0.226663849207;166.977113056
580.0;0.55;0.45;0.240394181317;146.281817571
581.0;0.55;0.55;0.255136847761;128.08741036
582.0;0.55;0.65;0.270651936049;111.916796225
583.0;0.55;0.75;0.287132682274;97.7879404761
584.0;0.55;0.85;0.304905135538;86.4446659879
585.0;0.55;0.95;0.324376629153;78.567286936
586.0;0.55;1.05;0.345587333578;73.9972485862
587.0;0.55;1.15;0.368141897438;71.9595037197
588.0;0.55;1.25;0.391603339355;71.7766982478
589.0;0.55;1.35;0.415351258964;72.3710177112
590.0;0.55;1.45;0.438555350915;72.0423157626
591.0;0.55;1.55;0.461023009583;70.1705345465
592.0;0.55;1.65;0.483487587837;68.1406047045
593.0;0.55;1.75;0.506457251985;67.1008448635
594.0;0.55;1.85;0.52967129995;66.6041451693
595.0;0.55;1.95;0.552960789571;66.2608838237
596.0;0.65;0.05;0.207929788209;213.309248662
597.0;0.65;0.15;0.218882335355;189.325532239
598.0;0.65;0.25;0.229157603615;166.009725973
599.0;0.65;0.35;0.241243234354;145.642136594
600.0;0.65;0.45;0.255500327364;127.882185986
601.0;0.65;0.55;0.270651449979;111.916273198
602.0;0.65;0.65;0.286420144099;97.9222124195
603.0;0.65;0.75;0.303539297678;86.6633128996
604.0;0.65;0.85;0.322462045052;78.870177436
605.0;0.65;0.95;0.343020976921;74.3027855843
606.0;0.65;1.05;0.364820730976;72.2343656063
607.0;0.65;1.15;0.387397430155;71.7404935558
608.0;0.65;1.25;0.410241803452;71.8353909689
609.0;0.65;1.35;0.432960583915;71.750292463
610.0;0.65;1.45;0.455371754759;71.0831556511
611.0;0.65;1.55;0.477534150398;69.8947206451
612.0;0.65;1.65;0.499674599084;68.6139509248
613.0;0.65;1.75;0.521998209221;67.6742631079
614.0;0.65;1.85;0.544536213026;67.1747995567
615.0;0.65;1.95;0.567120461566;66.7900444146
616.0;0.75;0.05;0.222689036376;189.770427759
617.0;0.75;0.15;0.233534170605;167.439395239
618.0;0.75;0.25;0.244610131513;145.130310168
619.0;0.75;0.35;0.257262221093;126.455154559
620.0;0.75;0.45;0.271698425534;111.140410247
621.0;0.75;0.55;0.287129927253;97.782714005
622.0;0.75;0.65;0.303537487146;86.6599167741
623.0;0.75;0.75;0.321642271012;78.8837443175
624.0;0.75;0.85;0.341638560808;74.4761242518
625.0;0.75;0.95;0.362917410266;72.5946198966
626.0;0.75;1.05;0.384800150391;72.0687407981
627.0;0.75;1.15;0.406838320426;71.9742463229
628.0;0.75;1.25;0.428705058859;71.5656395097
629.0;0.75;1.35;0.450387277145;70.7426547804
630.0;0.75;1.45;0.472180052887;70.0880875836
631.0;0.75;1.55;0.494211413943;69.9217708277
632.0;0.75;1.65;0.516249078535;69.8087152502
633.0;0.75;1.75;0.53814383883;69.4116104797
634.0;0.75;1.85;0.560009638305;68.9455391619
635.0;0.75;1.95;0.581830396827;68.4002872229
636.0;0.85;0.05;0.237874250552;166.460900506
637.0;0.85;0.15;0.249200115057;146.46389882
638.0;0.85;0.25;0.261196751248;127.280317138
639.0;0.85;0.35;0.274325783958;110.637512748
640.0;0.85;0.45;0.288882223924;97.0804436419
641.0;0.85;0.55;0.304902580514;86.4394264872
642.0;0.85;0.65;0.322460262344;78.8665224548
643.0;0.85;0.75;0.341638230757;74.4754023201
644.0;0.85;0.85;0.362177071821;72.6854453336
645.0;0.85;0.95;0.383425980919;72.1880450972
646.0;0.85;1.05;0.404782738686;72.0233870128
647.0;0.85;1.15;0.425999171119;71.6641668722
648.0;0.85;1.25;0.447066533497;71.0033335984
649.0;0.85;1.35;0.468099986799;70.2247395007
650.0;0.85;1.45;0.48927421398;69.6938634825
651.0;0.85;1.55;0.510631068944;69.5405425127
652.0;0.85;1.65;0.532015604407;69.4741708357
653.0;0.85;1.75;0.553291374084;69.2017271277
654.0;0.85;1.85;0.574465103486;68.7195479995
655.0;0.85;1.95;0.595592102349;68.139478788
656.0;0.95;0.05;0.253744327072;144.477218743
657.0;0.95;0.15;0.265452059585;126.532289541
658.0;0.95;0.25;0.278630272389;111.402759326
659.0;0.95;0.35;0.292604736041;97.887744359
660.0;0.95;0.45;0.307595619892;86.4814812055
661.0;0.95;0.55;0.32437578599;78.5654057754
662.0;0.95;0.65;0.343020491845;74.301654675
663.0;0.95;0.75;0.362917839341;72.5953491322
664.0;0.95;0.85;0.383426485192;72.1889586182
665.0;0.95;0.95;0.404087214811;72.1156724281
666.0;0.95;1.05;0.424616124835;71.7056885583
667.0;0.95;1.15;0.44501504189;71.048078586
668.0;0.95;1.25;0.465439818357;70.4230589793
669.0;0.95;1.35;0.485935053167;69.925916475
670.0;0.95;1.45;0.506424383139;69.4236269235
671.0;0.95;1.55;0.526872367385;68.8440908488
672.0;0.95;1.65;0.547328546823;68.2787091115
673.0;0.95;1.75;0.567807880671;67.7613753345
674.0;0.95;1.85;0.588262579125;67.1944914508
675.0;0.95;1.95;0.608729789445;66.6456825426
676.0;1.05;0.05;0.270637894075;124.550076611
677.0;1.05;0.15;0.282382195543;108.034715513
678.0;1.05;0.25;0.29711143696;97.4044820429
679.0;1.05;0.35;0.3123524901;87.8392954788
680.0;1.05;0.45;0.328102224609;79.2364001463
681.0;1.05;0.55;0.345587241724;73.9970770329
682.0;1.05;0.65;0.364820832463;72.2345689907
683.0;1.05;0.75;0.384800906249;72.0702270783
684.0;1.05;0.85;0.404783468565;72.024830882
685.0;1.05;0.95;0.424616364589;71.7061632571
686.0;1.05;1.05;0.444357349581;71.1773163314
687.0;1.05;1.15;0.46408546568;70.5203193887
688.0;1.05;1.25;0.483876907742;69.9796672645
689.0;1.05;1.35;0.503714999525;69.5338941768
690.0;1.05;1.45;0.523499545552;68.9930217118
691.0;1.05;1.55;0.543196046705;68.2789255238
692.0;1.05;1.65;0.562879758054;67.5308607716
693.0;1.05;1.75;0.582609600373;66.8698739363
694.0;1.05;1.85;0.602373634319;66.2759539637
695.0;1.05;1.95;0.622167355321;65.7402547155
696.0;1.15;0.05;0.289288015148;107.886049649
697.0;1.15;0.15;0.30142864025;93.4734442744
698.0;1.15;0.25;0.317225702704;86.4647958745
699.0;1.15;0.35;0.333372772305;80.1032622515
700.0;1.15;0.45;0.350024122591;74.5682787656
701.0;1.15;0.55;0.368141303788;71.9584619261
702.0;1.15;0.65;0.38739713428;71.7400005296
703.0;1.15;0.75;0.406838713058;71.9750867193
704.0;1.15;0.85;0.425999607254;71.6650747041
705.0;1.15;0.95;0.445015081903;71.0481981305
706.0;1.15;1.05;0.464085328318;70.5200747815
707.0;1.15;1.15;0.48321194269;70.0980601436
708.0;1.15;1.25;0.502339241453;69.5970590471
709.0;1.15;1.35;0.521453953065;69.0683294376
710.0;1.15;1.45;0.540558233297;68.5177733741
711.0;1.15;1.55;0.559650539173;67.9454872297
712.0;1.15;1.65;0.578733523735;67.3553948864
713.0;1.15;1.75;0.597821297141;66.7714082338
714.0;1.15;1.85;0.616931250968;66.2299017879
715.0;1.15;1.95;0.63604317938;65.6949564332
716.0;1.25;0.05;0.310655130327;96.5144805564
717.0;1.25;0.15;0.324071310922;85.8819930597
718.0;1.25;0.25;0.338879624965;78.6493881085
719.0;1.25;0.35;0.355145190744;73.9119461895
720.0;1.25;0.45;0.372988924934;72.0032266845
721.0;1.25;0.55;0.391602337822;71.7747662643
722.0;1.25;0.65;0.410241122668;71.8340897057
723.0;1.25;0.75;0.428705086477;71.5657179393
724.0;1.25;0.85;0.447066679526;71.0036351723
725.0;1.25;0.95;0.465439665643;70.4227703651
726.0;1.25;1.05;0.483876628355;69.9791220159
727.0;1.25;1.15;0.502339104028;69.5967965722
728.0;1.25;1.25;0.520777318076;69.1628734878
729.0;1.25;1.35;0.539197015258;68.6032146079
730.0;1.25;1.45;0.557635733928;68.0760832477
731.0;1.25;1.55;0.576103553172;67.6084736747
732.0;1.25;1.65;0.594572967808;67.1486796298
733.0;1.25;1.75;0.613026724456;66.6577252912
734.0;1.25;1.85;0.631474861089;66.1546118997
735.0;1.25;1.95;0.649909349744;65.6257598815
736.0;1.35;0.05;0.333898779538;89.3148583489
737.0;1.35;0.15;0.348908647135;83.1694940206
738.0;1.35;0.25;0.361826710707;73.4527853759
739.0;1.35;0.35;0.377927939421;69.7051349097
740.0;1.35;0.45;0.396748792767;71.1734990203
741.0;1.35;0.55;0.415350468068;72.3694248923
742.0;1.35;0.65;0.432960048291;71.7491903172
743.0;1.35;0.75;0.45038734843;70.7427721243
744.0;1.35;0.85;0.468100149602;70.2250402061
745.0;1.35;0.95;0.485934946466;69.9256902493
746.0;1.35;1.05;0.50371477404;69.5334333829
747.0;1.35;1.15;0.521453851708;69.0681165546
748.0;1.35;1.25;0.539197032818;68.6032423828
749.0;1.35;1.35;0.556948241521;68.1461519098
750.0;1.35;1.45;0.574706800705;67.6210534056
751.0;1.35;1.55;0.592477557354;67.1206541358
752.0;1.35;1.65;0.610254406276;66.6343600345
753.0;1.35;1.75;0.628024275008;66.135491316
754.0;1.35;1.85;0.645782051143;65.6119225165
755.0;1.35;1.95;0.663537353294;65.0824472258
756.0;1.45;0.05;0.356541388056;81.4007077594
757.0;1.45;0.15;0.372502551326;78.5975100424
758.0;1.45;0.25;0.386353747871;71.2824995484
759.0;1.45;0.35;0.402720665992;69.3234799302
760.0;1.45;0.45;0.420912448139;71.2468893146
761.0;1.45;0.55;0.438554904943;72.0414167976
762.0;1.45;0.65;0.455371523553;71.082665262
763.0;1.45;0.75;0.472180312578;70.0885797641
764.0;1.45;0.85;0.489274506509;69.6944279785
765.0;1.45;0.95;0.50642440294;69.4236441672
766.0;1.45;1.05;0.523499439701;68.9928018712
767.0;1.45;1.15;0.54055822634;68.5177486286
768.0;1.45;1.25;0.557635822659;68.0762532053
769.0;1.45;1.35;0.574706864708;67.6211783608
770.0;1.45;1.45;0.591761589023;67.1314028547
771.0;1.45;1.55;0.60881855011;66.5643965412
772.0;1.45;1.65;0.625888432051;66.0237025033
773.0;1.45;1.75;0.642959830624;65.4877421754
774.0;1.45;1.85;0.660020733585;64.9303401256
775.0;1.45;1.95;0.677086565919;64.3808057568
776.0;1.55;0.05;0.378097267978;71.0155365448
777.0;1.55;0.15;0.394072818989;69.7066088752
778.0;1.55;0.25;0.412253878786;71.9364674813
779.0;1.55;0.35;0.429285643166;72.5348301688
780.0;1.55;0.45;0.445111930578;71.3600131254
781.0;1.55;0.55;0.461022650177;70.1698418707
782.0;1.55;0.65;0.477533984377;69.8944191323
783.0;1.55;0.75;0.494211682553;69.922315882
784.0;1.55;0.85;0.510631364112;69.5411290229
785.0;1.55;0.95;0.526872411476;68.8441812442
786.0;1.55;1.05;0.543195972421;68.2787857672
787.0;1.55;1.15;0.559650548705;67.9455001524
788.0;1.55;1.25;0.576103647334;67.6086651943
789.0;1.55;1.35;0.592477628465;67.1207957653
790.0;1.55;1.45;0.608818562039;66.5644254653
791.0;1.55;1.55;0.625188610552;66.0578031791
792.0;1.55;1.65;0.641588307572;65.5358646962
793.0;1.55;1.75;0.657984108397;65.0091689215
794.0;1.55;1.85;0.674361107924;64.444732638
795.0;1.55;1.95;0.690732339588;63.8668847992
796.0;1.65;0.05;0.401179543625;63.213782492
797.0;1.65;0.15;0.416580738001;62.1711482676
798.0;1.65;0.25;0.438134782947;72.7561681182
799.0;1.65;0.35;0.455675407177;75.737980822
800.0;1.65;0.45;0.469284755139;71.3910361307
801.0;1.65;0.55;0.483487137472;68.1397153558
802.0;1.65;0.65;0.4996743355;68.6134397154
803.0;1.65;0.75;0.516249233786;69.8090339108
804.0;1.65;0.85;0.532015800933;69.4745731036
805.0;1.65;0.95;0.5473285266;68.2786786231
806.0;1.65;1.05;0.562879642714;67.5306451084
807.0;1.65;1.15;0.578733493072;67.3553347528
808.0;1.65;1.25;0.594573019195;67.1487922944
809.0;1.65;1.35;0.610254439717;66.6344333473
810.0;1.65;1.45;0.625888414462;66.023678026
811.0;1.65;1.55;0.641588282696;65.5358126199
812.0;1.65;1.65;0.657336347994;65.1382119929
813.0;1.65;1.75;0.673067370819;64.6429701281
814.0;1.65;1.85;0.688764886869;64.0801840113
815.0;1.65;1.95;0.704450697879;63.4912921045
816.0;1.75;0.05;0.427231402661;61.2667026836
817.0;1.75;0.15;0.441970554173;60.2492423967
818.0;1.75;0.25;0.46330158692;72.1551765731
819.0;1.75;0.35;0.480669731248;76.2823432187
820.0;1.75;0.45;0.493351748195;71.2659164013
821.0;1.75;0.55;0.506456792443;67.0999382143
822.0;1.75;0.65;0.521997903579;67.6736704425
823.0;1.75;0.75;0.538143925741;69.4117862282
824.0;1.75;0.85;0.553291513037;69.2020043372
825.0;1.75;0.95;0.567807831185;67.7612867279
826.0;1.75;1.05;0.582609467497;66.8696267783
827.0;1.75;1.15;0.597821245009;66.7713005303
828.0;1.75;1.25;0.613026750901;66.6577850811
829.0;1.75;1.35;0.628024288193;66.1355234809
830.0;1.75;1.45;0.64295979918;65.4876724838
831.0;1.75;1.55;0.657984071217;65.0091008549
832.0;1.75;1.65;0.67306735765;64.6429518171
833.0;1.75;1.75;0.688119929681;64.213573562
834.0;1.75;1.85;0.703130637694;63.6364696249
835.0;1.75;1.95;0.718148199548;63.0680526718
836.0;1.85;0.05;0.454535381468;62.0717760201
837.0;1.85;0.15;0.468831058439;61.4960715076
838.0;1.85;0.25;0.48851291324;71.5558585724
839.0;1.85;0.35;0.504887160809;75.1572219167
840.0;1.85;0.45;0.517118732381;70.5733596458
841.0;1.85;0.55;0.529670903361;66.603353667
842.0;1.85;0.65;0.544535969402;67.1743056305
843.0;1.85;0.75;0.560009755645;68.9457591425
844.0;1.85;0.85;0.574465258712;68.7198420046
845.0;1.85;0.95;0.588262552806;67.1944424602
846.0;1.85;1.05;0.602373527655;66.2757514619
847.0;1.85;1.15;0.616931217966;66.2298354793
848.0;1.85;1.25;0.631474898608;66.1546891299
849.0;1.85;1.35;0.645782074206;65.6119645095
850.0;1.85;1.45;0.660020714158;64.93029846
851.0;1.85;1.55;0.674361082358;64.4446768065
852.0;1.85;1.65;0.68876488312;64.0801819191
853.0;1.85;1.75;0.703130645111;63.63647954
854.0;1.85;1.85;0.717458766151;63.1134858502
855.0;1.85;1.95;0.731822292669;62.5934619436
856.0;1.95;0.05;0.481687944713;62.6958774472
857.0;1.95;0.15;0.495464265945;62.4624443807
858.0;1.95;0.25;0.513752267188;71.0664839981
859.0;1.95;0.35;0.529089796956;73.9290455358
860.0;1.95;0.45;0.540872069006;69.7990952368
861.0;1.95;0.55;0.552960454702;66.260217695
862.0;1.95;0.65;0.567120276855;66.789693036
863.0;1.95;0.75;0.581830544441;68.4005793907
864.0;1.95;0.85;0.595592279517;68.1398363425
865.0;1.95;0.95;0.608729791738;66.6456797743
866.0;1.95;1.05;0.622167277493;65.7400951598
867.0;1.95;1.15;0.636043166239;65.6949138453
868.0;1.95;1.25;0.649909399911;65.6258548868
869.0;1.95;1.35;0.663537388454;65.082501453
870.0;1.95;1.45;0.677086560185;64.3807817414
871.0;1.95;1.55;0.690732326828;63.866859762
872.0;1.95;1.65;0.704450704313;63.4913068663
873.0;1.95;1.75;0.718148215583;63.0680951656
874.0;1.95;1.85;0.731822301168;62.5934598872
875.0;1.95;1.95;0.74554035552;62.2029806112
876.0;0.2;2.2;0.568610576059;65.5858465387
877.0;0.2;2.6;0.671339719536;64.3192843396
878.0;0.2;3.0;0.773975962235;62.8678087461
879.0;0.2;3.4;0.876598240235;61.3990073586
880.0;0.2;3.8;0.979446075992;60.3506147635
881.0;0.6;2.2;0.617177071732;65.206315144
882.0;0.6;2.6;0.708801340062;63.500597711
883.0;0.6;3.0;0.800409108565;61.7626793746
884.0;0.6;3.4;0.892249666245;60.4567169637
885.0;0.6;3.8;0.984737761533;60.413705329
886.0;1.0;2.2;0.665756892917;64.8151521902
887.0;1.0;2.6;0.746317942808;62.7440597769
888.0;1.0;3.0;0.827107529097;61.1024382163
889.0;1.0;3.4;0.908546152812;60.7328943404
890.0;1.0;3.8;0.990216836155;60.8376483497
891.0;1.4;2.2;0.713822586346;63.3561789936
892.0;1.4;2.6;0.783684829041;61.6195151179
893.0;1.4;3.0;0.854196311954;61.1621487874
894.0;1.4;3.4;0.924936367303;61.1716611197
895.0;1.4;3.8;0.995669693865;61.1667038017
896.0;1.8;2.2;0.761930473984;61.9054440286
897.0;1.8;2.6;0.821556142447;61.4419805165
898.0;1.8;3.0;0.881414705476;61.4530524956
899.0;1.8;3.4;0.941262811604;61.4423976212
900.0;1.8;3.8;1.00111144795;61.4328191236
901.0;2.2;0.2;0.568610355215;65.5854302977
902.0;2.2;0.6;0.617176764819;65.2057177171
903.0;2.2;1.0;0.665756821969;64.8150263502
904.0;2.2;1.4;0.713822586445;63.356173827
905.0;2.2;1.8;0.761930478212;61.9054428172
906.0;2.2;2.2;0.810665359604;61.6485951342
907.0;2.2;2.6;0.859642065767;61.660953261
908.0;2.2;3.0;0.90861265028;61.660186718
909.0;2.2;3.4;0.957581876914;61.6569165695
910.0;2.2;3.8;1.0065517873;61.6546674383
911.0;2.6;0.2;0.671339482347;64.3188827825
912.0;2.6;0.6;0.708801093601;63.5000757268
913.0;2.6;1.0;0.746317889413;62.7439385578
914.0;2.6;1.4;0.783684832099;61.6195638894
915.0;2.6;1.8;0.821556147928;61.4420199071
916.0;2.6;2.2;0.85964206733;61.6609543081
917.0;2.6;2.6;0.897727755891;61.8358077971
918.0;2.6;3.0;0.935815522576;61.8344696197
919.0;2.6;3.4;0.973904019454;61.8344747924
920.0;2.6;3.8;1.01199258998;61.834643945
921.0;3.0;0.2;0.773975751043;62.8674007695
922.0;3.0;0.6;0.800408898913;61.7623081291
923.0;3.0;1.0;0.827107487021;61.1022894032
924.0;3.0;1.4;0.854196317816;61.1621417773
925.0;3.0;1.8;0.881414712566;61.4530668839
926.0;3.0;2.2;0.908612653631;61.6601902567
927.0;3.0;2.6;0.935815524086;61.834466222
928.0;3.0;3.0;0.963021322604;61.9703633264
929.0;3.0;3.4;0.990227442677;61.970610866
930.0;3.0;3.8;1.01743362931;61.9706466446
931.0;3.4;0.2;0.876598085636;61.39873924
932.0;3.4;0.6;0.892249485712;60.4564179014
933.0;3.4;1.0;0.908546124571;60.7328171804
934.0;3.4;1.4;0.924936381918;61.1716556947
935.0;3.4;1.8;0.941262825508;61.4423925174
936.0;3.4;2.2;0.957581885757;61.6568952999
937.0;3.4;2.6;0.973904025954;61.8344662648
938.0;3.4;3.0;0.990227447195;61.9706708659
939.0;3.4;3.4;1.00655096445;62.0617562477
940.0;3.4;3.8;1.02287454213;62.0613950173
941.0;3.8;0.2;0.979445902726;60.3505104735
942.0;3.8;0.6;0.98473752175;60.4132369879
943.0;3.8;1.0;0.990216795422;60.8375801547
944.0;3.8;1.4;0.995669708639;61.1668360749
945.0;3.8;1.8;1.00111146262;61.4329171521
946.0;3.8;2.2;1.00655179659;61.6545906751
947.0;3.8;2.6;1.01199259655;61.8346416303
948.0;3.8;3.0;1.0174336341;61.9705662646
949.0;3.8;3.4;1.02287454273;62.0614580034
950.0;3.8;3.8;1.02831579267;62.1074893733
951.0;-0.05;-0.05;0.154942193184;309.024930307
952.0;-0.05;-0.15;0.153903456764;311.804919774
953.0;-0.05;-0.25;0.154865920121;309.340796376
954.0;-0.05;-0.35;0.164153613835;289.702443036
955.0;-0.05;-0.45;0.178507203617;262.811328621
956.0;-0.05;-0.55;0.193401524328;237.245052216
957.0;-0.05;-0.65;0.20794845773;213.357329136
958.0;-0.05;-0.75;0.222675768568;189.74945342
959.0;-0.05;-0.85;0.237859146419;166.427956135
960.0;-0.05;-0.95;0.253744839479;144.475099714
961.0;-0.05;-1.05;0.270644462196;124.563329538
962.0;-0.05;-1.15;0.289289127902;107.889676965
963.0;-0.05;-1.25;0.310651483858;96.5077008436
964.0;-0.05;-1.35;0.333896370266;89.3095445874
965.0;-0.05;-1.45;0.356541825262;81.4012542889
966.0;-0.05;-1.55;0.378098041731;71.0171758368
967.0;-0.05;-1.65;0.401179124043;63.213139645
968.0;-0.05;-1.75;0.427230401953;61.2647900281
969.0;-0.05;-1.85;0.454534866472;62.0706980636
970.0;-0.05;-1.95;0.481687876174;62.6957464682
971.0;-0.15;-0.05;0.153797182881;311.596187091
972.0;-0.15;-0.15;0.155401710327;309.122467595
973.0;-0.15;-0.25;0.162286866744;292.521002427
974.0;-0.15;-0.35;0.17522032315;266.557168899
975.0;-0.15;-0.45;0.190467447769;237.943008133
976.0;-0.15;-0.55;0.204965160593;212.395617018
977.0;-0.15;-0.65;0.218893581421;189.351356915
978.0;-0.15;-0.75;0.233531477124;167.43659815
979.0;-0.15;-0.85;0.249194923509;146.452599317
980.0;-0.15;-0.95;0.265454088136;126.534842544
981.0;-0.15;-1.05;0.28238767272;108.045605843
982.0;-0.15;-1.15;0.301430976354;93.4788264338
983.0;-0.15;-1.25;0.324070446831;85.8805653697
984.0;-0.15;-1.35;0.348908282503;83.168454479
985.0;-0.15;-1.45;0.372503960972;78.6000551118
986.0;-0.15;-1.55;0.394074433114;69.7098611245
987.0;-0.15;-1.65;0.416581421174;62.1725940349
988.0;-0.15;-1.75;0.441970715273;60.2495254591
989.0;-0.15;-1.85;0.468831498551;61.4968074416
990.0;-0.15;-1.95;0.495465003591;62.4638743118
991.0;-0.25;-0.05;0.154896143901;309.380342657
992.0;-0.25;-0.15;0.162274367957;292.500006596
993.0;-0.25;-0.25;0.17716740394;262.013639477
994.0;-0.25;-0.35;0.190380296565;235.258135036
995.0;-0.25;-0.45;0.202159079742;212.971079648
996.0;-0.25;-0.55;0.214952547646;189.352258475
997.0;-0.25;-0.65;0.22915695364;166.008292468
998.0;-0.25;-0.75;0.244608796401;145.127983002
999.0;-0.25;-0.85;0.261194945481;127.276620571
1000.0;-0.25;-0.95;0.278630074828;111.401970567
1001.0;-0.25;-1.05;0.297112521205;97.4065892972
1002.0;-0.25;-1.15;0.317225783662;86.465228869
1003.0;-0.25;-1.25;0.338878555321;78.6473859099
1004.0;-0.25;-1.35;0.361825925151;73.4511048733
1005.0;-0.25;-1.45;0.386353835545;71.2825602166
1006.0;-0.25;-1.55;0.412254168448;71.937097979
1007.0;-0.25;-1.65;0.438134576814;72.7558243972
1008.0;-0.25;-1.75;0.463301175986;72.1543704814
1009.0;-0.25;-1.85;0.488512674745;71.5554021213
1010.0;-0.25;-1.95;0.513752256337;71.0664610049
1011.0;-0.35;-0.05;0.164240117861;289.883038547
1012.0;-0.35;-0.15;0.17522692416;266.566675047
1013.0;-0.35;-0.25;0.190372356373;235.239643976
1014.0;-0.35;-0.35;0.203240606336;209.29822694
1015.0;-0.35;-0.45;0.214264081338;187.853995295
1016.0;-0.35;-0.55;0.226654521914;166.958689951
1017.0;-0.35;-0.65;0.241236956063;145.628642067
1018.0;-0.35;-0.75;0.257260049116;126.450329769
1019.0;-0.35;-0.85;0.274324534471;110.635103194
1020.0;-0.35;-0.95;0.292602987531;97.8843795808
1021.0;-0.35;-1.05;0.312350771356;87.8358905579
1022.0;-0.35;-1.15;0.333371255399;80.1002722605
1023.0;-0.35;-1.25;0.355143771051;73.909132322
1024.0;-0.35;-1.35;0.377926724914;69.7027368
1025.0;-0.35;-1.45;0.402719755866;69.3216784821
1026.0;-0.35;-1.55;0.42928487117;72.5333286699
1027.0;-0.35;-1.65;0.45567454297;75.7363309237
1028.0;-0.35;-1.75;0.480668854152;76.2806417294
1029.0;-0.35;-1.85;0.504886407404;75.1557284698
1030.0;-0.35;-1.95;0.529089184317;73.9278275642
1031.0;-0.45;-0.05;0.178525191945;262.87919247
1032.0;-0.45;-0.15;0.190467373358;237.949181681
1033.0;-0.45;-0.25;0.202159053681;212.969210091
1034.0;-0.45;-0.35;0.21426874878;187.863299594
1035.0;-0.45;-0.45;0.226780386543;165.912517573
1036.0;-0.45;-0.55;0.240389210393;146.272296368
1037.0;-0.45;-0.65;0.255497204254;127.875199515
1038.0;-0.45;-0.75;0.271698987559;111.141116096
1039.0;-0.45;-0.85;0.2888831886;97.0825221531
1040.0;-0.45;-0.95;0.307595117321;86.4807081834
1041.0;-0.45;-1.05;0.328101156857;79.2342811596
1042.0;-0.45;-1.15;0.350023632493;74.5672192461
1043.0;-0.45;-1.25;0.372988860847;72.0030814583
1044.0;-0.45;-1.35;0.39674866375;71.1732730882
1045.0;-0.45;-1.45;0.420912182467;71.2463883017
1046.0;-0.45;-1.55;0.445111669767;71.3594890286
1047.0;-0.45;-1.65;0.469284570852;71.3906678245
1048.0;-0.45;-1.75;0.493351573091;71.2655701298
1049.0;-0.45;-1.85;0.517118572017;70.5730450674
1050.0;-0.45;-1.95;0.540871923682;69.7987914215
1051.0;-0.55;-0.05;0.193366115586;237.179938275
1052.0;-0.55;-0.15;0.204949446675;212.366609123
1053.0;-0.55;-0.25;0.21495489101;189.357279753
1054.0;-0.55;-0.35;0.226663849207;166.977113056
1055.0;-0.55;-0.45;0.24039418132;146.281815555
1056.0;-0.55;-0.55;0.255136847759;128.087403004
1057.0;-0.55;-0.65;0.270651936049;111.916796225
1058.0;-0.55;-0.75;0.287132682274;97.7879404761
1059.0;-0.55;-0.85;0.304905135539;86.4446651253
1060.0;-0.55;-0.95;0.324376629154;78.5672862418
1061.0;-0.55;-1.05;0.345587333578;73.9972485862
1062.0;-0.55;-1.15;0.368141897438;71.9595037197
1063.0;-0.55;-1.25;0.391603339355;71.7766980958
1064.0;-0.55;-1.35;0.415351258964;72.371018138
1065.0;-0.55;-1.45;0.438555350915;72.0423157626
1066.0;-0.55;-1.55;0.461023009583;70.1705345465
1067.0;-0.55;-1.65;0.483487587838;68.1406036233
1068.0;-0.55;-1.75;0.506457251985;67.1008453078
1069.0;-0.55;-1.85;0.52967129995;66.6041451693
1070.0;-0.55;-1.95;0.552960789571;66.2608838237
1071.0;-0.65;-0.05;0.207929788214;213.309263845
1072.0;-0.65;-0.15;0.218882335364;189.325527329
1073.0;-0.65;-0.25;0.229157603615;166.009725973
1074.0;-0.65;-0.35;0.241243234354;145.642136594
1075.0;-0.65;-0.45;0.255500327362;127.882190652
1076.0;-0.65;-0.55;0.270651449979;111.916264227
1077.0;-0.65;-0.65;0.286420144099;97.9222124195
1078.0;-0.65;-0.75;0.303539297678;86.6633128996
1079.0;-0.65;-0.85;0.322462045053;78.8701741642
1080.0;-0.65;-0.95;0.343020976921;74.3027847144
1081.0;-0.65;-1.05;0.364820730976;72.2343656063
1082.0;-0.65;-1.15;0.387397430155;71.7404935558
1083.0;-0.65;-1.25;0.410241803452;71.8353905865
1084.0;-0.65;-1.35;0.432960583915;71.7502922304
1085.0;-0.65;-1.45;0.455371754759;71.0831556511
1086.0;-0.65;-1.55;0.477534150398;69.8947206451
1087.0;-0.65;-1.65;0.499674599085;68.6139514051
1088.0;-0.65;-1.75;0.52199820922;67.674263558
1089.0;-0.65;-1.85;0.544536213026;67.1747995567
1090.0;-0.65;-1.95;0.567120461566;66.7900444146
1091.0;-0.75;-0.05;0.222689036371;189.770411457
1092.0;-0.75;-0.15;0.233534170607;167.439383505
1093.0;-0.75;-0.25;0.244610131513;145.130310168
1094.0;-0.75;-0.35;0.257262221093;126.455154559
1095.0;-0.75;-0.45;0.271698425529;111.140411662
1096.0;-0.75;-0.55;0.287129927255;97.7827181273
1097.0;-0.75;-0.65;0.303537487146;86.6599167741
1098.0;-0.75;-0.75;0.321642271012;78.8837443175
1099.0;-0.75;-0.85;0.341638560809;74.4761209807
1100.0;-0.75;-0.95;0.362917410266;72.5946190315
1101.0;-0.75;-1.05;0.384800150391;72.0687407981
1102.0;-0.75;-1.15;0.406838320426;71.9742463229
1103.0;-0.75;-1.25;0.428705058859;71.5656400145
1104.0;-0.75;-1.35;0.450387277145;70.7426535647
1105.0;-0.75;-1.45;0.472180052887;70.0880875836
1106.0;-0.75;-1.55;0.494211413943;69.9217708277
1107.0;-0.75;-1.65;0.516249078535;69.8087165599
1108.0;-0.75;-1.75;0.53814383883;69.41160925
1109.0;-0.75;-1.85;0.560009638305;68.9455391619
1110.0;-0.75;-1.95;0.581830396827;68.4002872229
1111.0;-0.85;-0.05;0.237874250554;166.460906992
1112.0;-0.85;-0.15;0.249200115072;146.463901356
1113.0;-0.85;-0.25;0.261196751248;127.280317138
1114.0;-0.85;-0.35;0.274325783958;110.637512748
1115.0;-0.85;-0.45;0.288882223922;97.0804396794
1116.0;-0.85;-0.55;0.304902580512;86.4394201014
1117.0;-0.85;-0.65;0.322460262344;78.8665224548
1118.0;-0.85;-0.75;0.341638230757;74.4754023201
1119.0;-0.85;-0.85;0.36217707182;72.685445973
1120.0;-0.85;-0.95;0.38342598092;72.1880472152
1121.0;-0.85;-1.05;0.404782738686;72.0233870128
1122.0;-0.85;-1.15;0.425999171119;71.6641668722
1123.0;-0.85;-1.25;0.447066533498;71.00333314
1124.0;-0.85;-1.35;0.468099986799;70.2247389393
1125.0;-0.85;-1.45;0.48927421398;69.6938634825
1126.0;-0.85;-1.55;0.510631068944;69.5405425127
1127.0;-0.85;-1.65;0.532015604407;69.4741698184
1128.0;-0.85;-1.75;0.553291374083;69.2017268861
1129.0;-0.85;-1.85;0.574465103486;68.7195479995
1130.0;-0.85;-1.95;0.595592102349;68.139478788
1131.0;-0.95;-0.05;0.25374432707;144.477238134
1132.0;-0.95;-0.15;0.265452059586;126.532282046
1133.0;-0.95;-0.25;0.278630272389;111.402759326
1134.0;-0.95;-0.35;0.292604736041;97.887744359
1135.0;-0.95;-0.45;0.30759561989;86.4814781561
1136.0;-0.95;-0.55;0.324375785987;78.5653989522
1137.0;-0.95;-0.65;0.343020491845;74.301654675
1138.0;-0.95;-0.75;0.362917839341;72.5953491322
1139.0;-0.95;-0.85;0.383426485194;72.1889591084
1140.0;-0.95;-0.95;0.404087214811;72.1156730184
1141.0;-0.95;-1.05;0.424616124835;71.7056885583
1142.0;-0.95;-1.15;0.44501504189;71.048078586
1143.0;-0.95;-1.25;0.465439818357;70.4230612164
1144.0;-0.95;-1.35;0.485935053166;69.9259168375
1145.0;-0.95;-1.45;0.506424383139;69.4236269235
1146.0;-0.95;-1.55;0.526872367385;68.8440908488
1147.0;-0.95;-1.65;0.547328546823;68.2787102001
1148.0;-0.95;-1.75;0.567807880672;67.7613760127
1149.0;-0.95;-1.85;0.588262579125;67.1944914508
1150.0;-0.95;-1.95;0.608729789445;66.6456825426
1151.0;-1.05;-0.05;0.270637894076;124.550071415
1152.0;-1.05;-0.15;0.282382195538;108.034717195
1153.0;-1.05;-0.25;0.29711143696;97.4044820429
1154.0;-1.05;-0.35;0.3123524901;87.8392954788
1155.0;-1.05;-0.45;0.328102224608;79.2363922095
1156.0;-1.05;-0.55;0.345587241728;73.9970838689
1157.0;-1.05;-0.65;0.364820832463;72.2345689907
1158.0;-1.05;-0.75;0.384800906249;72.0702270783
1159.0;-1.05;-0.85;0.404783468566;72.0248361161
1160.0;-1.05;-0.95;0.424616364589;71.7061593617
1161.0;-1.05;-1.05;0.444357349581;71.1773163314
1162.0;-1.05;-1.15;0.46408546568;70.5203193887
1163.0;-1.05;-1.25;0.483876907742;69.9796654818
1164.0;-1.05;-1.35;0.503714999525;69.5338937147
1165.0;-1.05;-1.45;0.523499545552;68.9930217118
1166.0;-1.05;-1.55;0.543196046705;68.2789255238
1167.0;-1.05;-1.65;0.562879758054;67.5308600712
1168.0;-1.05;-1.75;0.582609600373;66.8698728826
1169.0;-1.05;-1.85;0.602373634319;66.2759539637
1170.0;-1.05;-1.95;0.622167355321;65.7402547155
1171.0;-1.15;-0.05;0.289288015153;107.886039835
1172.0;-1.15;-0.15;0.301428640247;93.4734414974
1173.0;-1.15;-0.25;0.317225702704;86.4647958745
1174.0;-1.15;-0.35;0.333372772305;80.1032622515
1175.0;-1.15;-0.45;0.350024122593;74.5682826392
1176.0;-1.15;-0.55;0.368141303788;71.9584553512
1177.0;-1.15;-0.65;0.38739713428;71.7400005296
1178.0;-1.15;-0.75;0.406838713058;71.9750867193
1179.0;-1.15;-0.85;0.425999607255;71.6650748965
1180.0;-1.15;-0.95;0.445015081905;71.0481959554
1181.0;-1.15;-1.05;0.464085328318;70.5200747815
1182.0;-1.15;-1.15;0.48321194269;70.0980601436
1183.0;-1.15;-1.25;0.502339241453;69.5970587694
1184.0;-1.15;-1.35;0.521453953066;69.0683280456
1185.0;-1.15;-1.45;0.540558233297;68.5177733741
1186.0;-1.15;-1.55;0.559650539173;67.9454872297
1187.0;-1.15;-1.65;0.578733523734;67.3553945148
1188.0;-1.15;-1.75;0.597821297142;66.771408719
1189.0;-1.15;-1.85;0.616931250968;66.2299017879
1190.0;-1.15;-1.95;0.63604317938;65.6949564332
1191.0;-1.25;-0.05;0.310655130329;96.5144803442
1192.0;-1.25;-0.15;0.324071310921;85.8819812125
1193.0;-1.25;-0.25;0.338879624965;78.6493881085
1194.0;-1.25;-0.35;0.355145190744;73.9119461895
1195.0;-1.25;-0.45;0.372988924933;72.0032469849
1196.0;-1.25;-0.55;0.391602337827;71.7747576314
1197.0;-1.25;-0.65;0.410241122668;71.8340897057
1198.0;-1.25;-0.75;0.428705086477;71.5657179393
1199.0;-1.25;-0.85;0.447066679526;71.0036308171
1200.0;-1.25;-0.95;0.465439665642;70.4227697647
1201.0;-1.25;-1.05;0.483876628355;69.9791220159
1202.0;-1.25;-1.15;0.502339104028;69.5967965722
1203.0;-1.25;-1.25;0.520777318075;69.1628743465
1204.0;-1.25;-1.35;0.539197015258;68.6032169357
1205.0;-1.25;-1.45;0.557635733928;68.0760832477
1206.0;-1.25;-1.55;0.576103553172;67.6084736747
1207.0;-1.25;-1.65;0.594572967808;67.1486814835
1208.0;-1.25;-1.75;0.613026724456;66.6577277147
1209.0;-1.25;-1.85;0.631474861089;66.1546118997
1210.0;-1.25;-1.95;0.649909349744;65.6257598815
1211.0;-1.35;-0.05;0.333898779538;89.314853979
1212.0;-1.35;-0.15;0.348908647132;83.1695033114
1213.0;-1.35;-0.25;0.361826710707;73.4527853759
1214.0;-1.35;-0.35;0.377927939421;69.7051349097
1215.0;-1.35;-0.45;0.396748792767;71.1734942581
1216.0;-1.35;-0.55;0.415350468067;72.3694210145
1217.0;-1.35;-0.65;0.432960048291;71.7491903172
1218.0;-1.35;-0.75;0.45038734843;70.7427721243
1219.0;-1.35;-0.85;0.468100149601;70.2250424233
1220.0;-1.35;-0.95;0.485934946466;69.9256908852
1221.0;-1.35;-1.05;0.50371477404;69.5334333829
1222.0;-1.35;-1.15;0.521453851708;69.0681165546
1223.0;-1.35;-1.25;0.539197032817;68.6032438329
1224.0;-1.35;-1.35;0.556948241522;68.1461502727
1225.0;-1.35;-1.45;0.574706800705;67.6210534056
1226.0;-1.35;-1.55;0.592477557354;67.1206541358
1227.0;-1.35;-1.65;0.610254406276;66.6343592124
1228.0;-1.35;-1.75;0.628024275008;66.1354932495
1229.0;-1.35;-1.85;0.645782051143;65.6119225165
1230.0;-1.35;-1.95;0.663537353294;65.0824472258
1231.0;-1.45;-0.05;0.35654138805;81.4007042051
1232.0;-1.45;-0.15;0.372502551327;78.5975099184
1233.0;-1.45;-0.25;0.386353747871;71.2824995484
1234.0;-1.45;-0.35;0.402720665992;69.3234799302
1235.0;-1.45;-0.45;0.420912448144;71.2468996948
1236.0;-1.45;-0.55;0.43855490494;72.0414120268
1237.0;-1.45;-0.65;0.455371523553;71.082665262
1238.0;-1.45;-0.75;0.472180312578;70.0885797641
1239.0;-1.45;-0.85;0.489274506507;69.6944253389
1240.0;-1.45;-0.95;0.506424402939;69.4236502104
1241.0;-1.45;-1.05;0.523499439701;68.9928018712
1242.0;-1.45;-1.15;0.54055822634;68.5177486286
1243.0;-1.45;-1.25;0.557635822658;68.0762546258
1244.0;-1.45;-1.35;0.574706864709;67.6211777683
1245.0;-1.45;-1.45;0.591761589023;67.1314028547
1246.0;-1.45;-1.55;0.60881855011;66.5643965412
1247.0;-1.45;-1.65;0.625888432051;66.0237071741
1248.0;-1.45;-1.75;0.642959830624;65.4877427097
1249.0;-1.45;-1.85;0.660020733585;64.9303401256
1250.0;-1.45;-1.95;0.677086565919;64.3808057568
1251.0;-1.55;-0.05;0.378097267972;71.015543604
1252.0;-1.55;-0.15;0.394072818994;69.7066120434
1253.0;-1.55;-0.25;0.412253878786;71.9364674813
1254.0;-1.55;-0.35;0.429285643166;72.5348301688
1255.0;-1.55;-0.45;0.445111930579;71.3600109424
1256.0;-1.55;-0.55;0.461022650173;70.169840329
1257.0;-1.55;-0.65;0.477533984377;69.8944191323
1258.0;-1.55;-0.75;0.494211682553;69.922315882
1259.0;-1.55;-0.85;0.510631364109;69.5411367762
1260.0;-1.55;-0.95;0.526872411476;68.844177473
1261.0;-1.55;-1.05;0.543195972421;68.2787857672
1262.0;-1.55;-1.15;0.559650548705;67.9455001524
1263.0;-1.55;-1.25;0.576103647333;67.608665352
1264.0;-1.55;-1.35;0.592477628468;67.1207994581
1265.0;-1.55;-1.45;0.608818562039;66.5644254653
1266.0;-1.55;-1.55;0.625188610552;66.0578031791
1267.0;-1.55;-1.65;0.641588307571;65.5358661611
1268.0;-1.55;-1.75;0.657984108397;65.0091718953
1269.0;-1.55;-1.85;0.674361107924;64.444732638
1270.0;-1.55;-1.95;0.690732339588;63.8668847992
1271.0;-1.65;-0.05;0.401179543638;63.2138037156
1272.0;-1.65;-0.15;0.416580738009;62.1711593313
1273.0;-1.65;-0.25;0.438134782947;72.7561681182
1274.0;-1.65;-0.35;0.455675407177;75.737980822
1275.0;-1.65;-0.45;0.469284755134;71.3910458961
1276.0;-1.65;-0.55;0.483487137471;68.1397477849
1277.0;-1.65;-0.65;0.4996743355;68.6134397154
1278.0;-1.65;-0.75;0.516249233786;69.8090339108
1279.0;-1.65;-0.85;0.53201580093;69.4745756143
1280.0;-1.65;-0.95;0.547328526599;68.2786722921
1281.0;-1.65;-1.05;0.562879642714;67.5306451084
1282.0;-1.65;-1.15;0.578733493072;67.3553347528
1283.0;-1.65;-1.25;0.594573019197;67.1487893344
1284.0;-1.65;-1.35;0.610254439718;66.6344315286
1285.0;-1.65;-1.45;0.625888414462;66.023678026
1286.0;-1.65;-1.55;0.641588282696;65.5358126199
1287.0;-1.65;-1.65;0.657336347992;65.1382114113
1288.0;-1.65;-1.75;0.673067370817;64.6429711054
1289.0;-1.65;-1.85;0.688764886869;64.0801840113
1290.0;-1.65;-1.95;0.704450697879;63.4912921045
1291.0;-1.75;-0.05;0.427231402661;61.2667023344
1292.0;-1.75;-0.15;0.441970554172;60.2492206677
1293.0;-1.75;-0.25;0.46330158692;72.1551765731
1294.0;-1.75;-0.35;0.480669731248;76.2823432187
1295.0;-1.75;-0.45;0.493351748186;71.2659101805
1296.0;-1.75;-0.55;0.506456792454;67.0999475542
1297.0;-1.75;-0.65;0.521997903579;67.6736704425
1298.0;-1.75;-0.75;0.538143925741;69.4117862282
1299.0;-1.75;-0.85;0.553291513035;69.2020106445
1300.0;-1.75;-0.95;0.567807831184;67.761283686
1301.0;-1.75;-1.05;0.582609467497;66.8696267783
1302.0;-1.75;-1.15;0.597821245009;66.7713005303
1303.0;-1.75;-1.25;0.613026750902;66.6577851751
1304.0;-1.75;-1.35;0.628024288192;66.1355210776
1305.0;-1.75;-1.45;0.64295979918;65.4876724838
1306.0;-1.75;-1.55;0.657984071217;65.0091008549
1307.0;-1.75;-1.65;0.673067357651;64.6429503976
1308.0;-1.75;-1.75;0.688119929681;64.2135769813
1309.0;-1.75;-1.85;0.703130637694;63.6364696249
1310.0;-1.75;-1.95;0.718148199548;63.0680526718
1311.0;-1.85;-0.05;0.454535381456;62.0718132335
1312.0;-1.85;-0.15;0.468831058451;61.4960264489
1313.0;-1.85;-0.25;0.48851291324;71.5558585724
1314.0;-1.85;-0.35;0.504887160809;75.1572219167
1315.0;-1.85;-0.45;0.517118732381;70.5733821977
1316.0;-1.85;-0.55;0.529670903361;66.6033506726
1317.0;-1.85;-0.65;0.544535969402;67.1743056305
1318.0;-1.85;-0.75;0.560009755645;68.9457591425
1319.0;-1.85;-0.85;0.57446525871;68.7198459086
1320.0;-1.85;-0.95;0.588262552806;67.194436889
1321.0;-1.85;-1.05;0.602373527655;66.2757514619
1322.0;-1.85;-1.15;0.616931217966;66.2298354793
1323.0;-1.85;-1.25;0.631474898609;66.1546889925
1324.0;-1.85;-1.35;0.645782074206;65.6119632778
1325.0;-1.85;-1.45;0.660020714158;64.93029846
1326.0;-1.85;-1.55;0.674361082358;64.4446768065
1327.0;-1.85;-1.65;0.688764883117;64.0801802137
1328.0;-1.85;-1.75;0.703130645108;63.6364856029
1329.0;-1.85;-1.85;0.717458766151;63.1134858502
1330.0;-1.85;-1.95;0.731822292669;62.5934619436
1331.0;-1.95;-0.05;0.481687944727;62.6959350875
1332.0;-1.95;-0.15;0.495464265945;62.4624247797
1333.0;-1.95;-0.25;0.513752267188;71.0664839981
1334.0;-1.95;-0.35;0.529089796956;73.9290455358
1335.0;-1.95;-0.45;0.540872069007;69.7990589024
1336.0;-1.95;-0.55;0.552960454698;66.2602206184
1337.0;-1.95;-0.65;0.567120276855;66.789693036
1338.0;-1.95;-0.75;0.581830544441;68.4005793907
1339.0;-1.95;-0.85;0.595592279515;68.1398347796
1340.0;-1.95;-0.95;0.60872979174;66.6456900646
1341.0;-1.95;-1.05;0.622167277493;65.7400951598
1342.0;-1.95;-1.15;0.636043166239;65.6949138453
1343.0;-1.95;-1.25;0.649909399909;65.6258562084
1344.0;-1.95;-1.35;0.663537388452;65.0825030182
1345.0;-1.95;-1.45;0.677086560185;64.3807817414
1346.0;-1.95;-1.55;0.690732326828;63.866859762
1347.0;-1.95;-1.65;0.704450704312;63.4913073894
1348.0;-1.95;-1.75;0.718148215587;63.068093204
1349.0;-1.95;-1.85;0.731822301168;62.5934598872
1350.0;-1.95;-1.95;0.74554035552;62.2029806112
1351.0;-0.2;-2.2;0.568610576058;65.585847247
1352.0;-0.2;-2.6;0.67133971954;64.3192852841
1353.0;-0.2;-3.0;0.773975962235;62.8678087461
1354.0;-0.2;-3.4;0.876598240235;61.3990073586
1355.0;-0.2;-3.8;0.979446075979;60.3506367735
1356.0;-0.6;-2.2;0.617177071735;65.2063172869
1357.0;-0.6;-2.6;0.708801340062;63.500597711
1358.0;-0.6;-3.0;0.800409108565;61.7626793746
1359.0;-0.6;-3.4;0.892249666246;60.4567432836
1360.0;-0.6;-3.8;0.984737761498;60.4137357508
1361.0;-1.0;-2.2;0.665756892917;64.8151521902
1362.0;-1.0;-2.6;0.746317942808;62.7440597769
1363.0;-1.0;-3.0;0.827107529088;61.1024533215
1364.0;-1.0;-3.4;0.908546152778;60.732905148
1365.0;-1.0;-3.8;0.990216836155;60.8376483497
1366.0;-1.4;-2.2;0.713822586346;63.3561789936
1367.0;-1.4;-2.6;0.783684829045;61.6195071944
1368.0;-1.4;-3.0;0.854196311951;61.1621383323
1369.0;-1.4;-3.4;0.924936367303;61.1716611197
1370.0;-1.4;-3.8;0.995669693865;61.1667038017
1371.0;-1.8;-2.2;0.761930473987;61.9054528286
1372.0;-1.8;-2.6;0.821556142448;61.4419737355
1373.0;-1.8;-3.0;0.881414705476;61.4530524956
1374.0;-1.8;-3.4;0.941262811604;61.4423976212
1375.0;-1.8;-3.8;1.00111144795;61.4327843908
1376.0;-2.2;-0.2;0.568610355221;65.5854101965
1377.0;-2.2;-0.6;0.617176764819;65.2057177171
1378.0;-2.2;-1.0;0.665756821969;64.8150263502
1379.0;-2.2;-1.4;0.713822586443;63.3561751207
1380.0;-2.2;-1.8;0.761930478218;61.9054415944
1381.0;-2.2;-2.2;0.810665359604;61.6485951342
1382.0;-2.2;-2.6;0.859642065767;61.660953261
1383.0;-2.2;-3.0;0.908612650299;61.6601853929
1384.0;-2.2;-3.4;0.9575818769;61.6569641971
1385.0;-2.2;-3.8;1.0065517873;61.6546674383
1386.0;-2.6;-0.2;0.671339482347;64.3188827825
1387.0;-2.6;-0.6;0.708801093615;63.5000869143
1388.0;-2.6;-1.0;0.746317889416;62.7439330611
1389.0;-2.6;-1.4;0.783684832099;61.6195638894
1390.0;-2.6;-1.8;0.821556147928;61.4420199071
1391.0;-2.6;-2.2;0.85964206732;61.6609561391
1392.0;-2.6;-2.6;0.89772775586;61.835815948
1393.0;-2.6;-3.0;0.935815522576;61.8344696197
1394.0;-2.6;-3.4;0.973904019454;61.8344747924
1395.0;-2.6;-3.8;1.01199259005;61.834612948
1396.0;-3.0;-0.2;0.773975751032;62.8673513773
1397.0;-3.0;-0.6;0.800408898913;61.7623081291
1398.0;-3.0;-1.0;0.827107487021;61.1022894032
1399.0;-3.0;-1.4;0.854196317812;61.1621687492
1400.0;-3.0;-1.8;0.881414712582;61.4530394906
1401.0;-3.0;-2.2;0.908612653631;61.6601902567
1402.0;-3.0;-2.6;0.935815524086;61.834466222
1403.0;-3.0;-3.0;0.963021322643;61.9703893573
1404.0;-3.0;-3.4;0.990227442661;61.9706179107
1405.0;-3.0;-3.8;1.01743362931;61.9706466446
1406.0;-3.4;-0.2;0.876598085636;61.39873924
1407.0;-3.4;-0.6;0.892249485734;60.4564993469
1408.0;-3.4;-1.0;0.90854612457;60.7328078189
1409.0;-3.4;-1.4;0.924936381918;61.1716556947
1410.0;-3.4;-1.8;0.941262825508;61.4423925174
1411.0;-3.4;-2.2;0.957581885766;61.6568912256
1412.0;-3.4;-2.6;0.973904025996;61.8344873021
1413.0;-3.4;-3.0;0.990227447195;61.9706708659
1414.0;-3.4;-3.4;1.00655096445;62.0617562477
1415.0;-3.4;-3.8;1.02287454197;62.0613951409
1416.0;-3.8;-0.2;0.979445902677;60.3503320279
1417.0;-3.8;-0.6;0.98473752175;60.4132369879
1418.0;-3.8;-1.0;0.990216795422;60.8375801547
1419.0;-3.8;-1.4;0.995669708556;61.1668365977
1420.0;-3.8;-1.8;1.00111146269;61.4329485701
1421.0;-3.8;-2.2;1.00655179659;61.6545906751
1422.0;-3.8;-2.6;1.01199259655;61.8346416303
1423.0;-3.8;-3.0;1.01743363408;61.9706221055
1424.0;-3.8;-3.4;1.02287454268;62.0614793398
1425.0;-3.8;-3.8;1.02831579267;62.1074893733
1426.0;-0.05;0.05;0.154942193184;309.024930307
1427.0;-0.05;0.15;0.15390345677;311.804921998
1428.0;-0.05;0.25;0.154865920122;309.340793325
1429.0;-0.05;0.35;0.164153613835;289.702443036
1430.0;-0.05;0.45;0.178507203617;262.811328621
1431.0;-0.05;0.55;0.193401524329;237.245067018
1432.0;-0.05;0.65;0.207948457729;213.357328214
1433.0;-0.05;0.75;0.222675768568;189.74945342
1434.0;-0.05;0.85;0.237859146419;166.427956135
1435.0;-0.05;0.95;0.253744839479;144.475100407
1436.0;-0.05;1.05;0.270644462196;124.563332187
1437.0;-0.05;1.15;0.289289127902;107.889676965
1438.0;-0.05;1.25;0.310651483858;96.5077008436
1439.0;-0.05;1.35;0.333896370266;89.3095434302
1440.0;-0.05;1.45;0.356541825262;81.4012540026
1441.0;-0.05;1.55;0.378098041731;71.0171758368
1442.0;-0.05;1.65;0.401179124043;63.213139645
1443.0;-0.05;1.75;0.427230401953;61.2647911934
1444.0;-0.05;1.85;0.454534866472;62.0706931799
1445.0;-0.05;1.95;0.481687876174;62.6957464682
1446.0;-0.15;0.05;0.153797182881;311.596187091
1447.0;-0.15;0.15;0.155401710328;309.12246395
1448.0;-0.15;0.25;0.162286866749;292.520990727
1449.0;-0.15;0.35;0.17522032315;266.557168899
1450.0;-0.15;0.45;0.190467447769;237.943008133
1451.0;-0.15;0.55;0.204965160595;212.395617187
1452.0;-0.15;0.65;0.218893581422;189.351361814
1453.0;-0.15;0.75;0.233531477124;167.43659815
1454.0;-0.15;0.85;0.249194923509;146.452599317
1455.0;-0.15;0.95;0.265454088136;126.534837759
1456.0;-0.15;1.05;0.28238767272;108.045607309
1457.0;-0.15;1.15;0.301430976354;93.4788264338
1458.0;-0.15;1.25;0.324070446831;85.8805653697
1459.0;-0.15;1.35;0.348908282503;83.1684555411
1460.0;-0.15;1.45;0.372503960972;78.6000547966
1461.0;-0.15;1.55;0.394074433114;69.7098611245
1462.0;-0.15;1.65;0.416581421174;62.1725940349
1463.0;-0.15;1.75;0.441970715272;60.2495282726
1464.0;-0.15;1.85;0.468831498552;61.4967995197
1465.0;-0.15;1.95;0.495465003591;62.4638743118
1466.0;-0.25;0.05;0.154896143901;309.380342657
1467.0;-0.25;0.15;0.16227436796;292.500027979
1468.0;-0.25;0.25;0.177167403937;262.013656399
1469.0;-0.25;0.35;0.190380296565;235.258135036
1470.0;-0.25;0.45;0.202159079742;212.971079648
1471.0;-0.25;0.55;0.214952547647;189.35225824
1472.0;-0.25;0.65;0.229156953644;166.008289341
1473.0;-0.25;0.75;0.244608796401;145.127983002
1474.0;-0.25;0.85;0.261194945481;127.276620571
1475.0;-0.25;0.95;0.278630074829;111.401971407
1476.0;-0.25;1.05;0.297112521204;97.4065892959
1477.0;-0.25;1.15;0.317225783662;86.465228869
1478.0;-0.25;1.25;0.338878555321;78.6473859099
1479.0;-0.25;1.35;0.36182592515;73.4511058318
1480.0;-0.25;1.45;0.386353835546;71.2825627241
1481.0;-0.25;1.55;0.412254168448;71.937097979
1482.0;-0.25;1.65;0.438134576814;72.7558243972
1483.0;-0.25;1.75;0.463301175987;72.1543786783
1484.0;-0.25;1.85;0.488512674747;71.5554017377
1485.0;-0.25;1.95;0.513752256337;71.0664610049
1486.0;-0.35;0.05;0.164240117861;289.883038547
1487.0;-0.35;0.15;0.175226924163;266.566700573
1488.0;-0.35;0.25;0.190372356371;235.239668045
1489.0;-0.35;0.35;0.203240606336;209.29822694
1490.0;-0.35;0.45;0.214264081338;187.853995295
1491.0;-0.35;0.55;0.226654521912;166.958694524
1492.0;-0.35;0.65;0.241236956066;145.628647393
1493.0;-0.35;0.75;0.257260049116;126.450329769
1494.0;-0.35;0.85;0.274324534471;110.635103194
1495.0;-0.35;0.95;0.292602987531;97.8843790736
1496.0;-0.35;1.05;0.312350771356;87.8358868139
1497.0;-0.35;1.15;0.333371255399;80.1002722605
1498.0;-0.35;1.25;0.355143771051;73.909132322
1499.0;-0.35;1.35;0.377926724913;69.7027375356
1500.0;-0.35;1.45;0.402719755866;69.3216786089
1501.0;-0.35;1.55;0.42928487117;72.5333286699
1502.0;-0.35;1.65;0.45567454297;75.7363309237
1503.0;-0.35;1.75;0.480668854152;76.280640006
1504.0;-0.35;1.85;0.504886407404;75.1557267887
1505.0;-0.35;1.95;0.529089184317;73.9278275642
1506.0;-0.45;0.05;0.178525191945;262.87919247
1507.0;-0.45;0.15;0.190467373352;237.949192579
1508.0;-0.45;0.25;0.202159053682;212.969208449
1509.0;-0.45;0.35;0.21426874878;187.863299594
1510.0;-0.45;0.45;0.226780386543;165.912517573
1511.0;-0.45;0.55;0.240389210393;146.272294014
1512.0;-0.45;0.65;0.255497204254;127.875200924
1513.0;-0.45;0.75;0.271698987559;111.141116096
1514.0;-0.45;0.85;0.2888831886;97.0825221531
1515.0;-0.45;0.95;0.307595117322;86.4807096492
1516.0;-0.45;1.05;0.328101156857;79.2342818606
1517.0;-0.45;1.15;0.350023632493;74.5672192461
1518.0;-0.45;1.25;0.372988860847;72.0030814583
1519.0;-0.45;1.35;0.39674866375;71.1732733636
1520.0;-0.45;1.45;0.420912182467;71.2463888853
1521.0;-0.45;1.55;0.445111669767;71.3594890286
1522.0;-0.45;1.65;0.469284570852;71.3906678245
1523.0;-0.45;1.75;0.493351573092;71.2655692791
1524.0;-0.45;1.85;0.517118572017;70.5730465313
1525.0;-0.45;1.95;0.540871923682;69.7987914215
1526.0;-0.55;0.05;0.193366115586;237.179938275
1527.0;-0.55;0.15;0.204949446666;212.366584908
1528.0;-0.55;0.25;0.214954891007;189.357287503
1529.0;-0.55;0.35;0.226663849207;166.977113056
1530.0;-0.55;0.45;0.24039418132;146.281815555
1531.0;-0.55;0.55;0.255136847761;128.08741036
1532.0;-0.55;0.65;0.27065193605;111.916797674
1533.0;-0.55;0.75;0.287132682274;97.7879404761
1534.0;-0.55;0.85;0.304905135539;86.4446651253
1535.0;-0.55;0.95;0.324376629153;78.567286936
1536.0;-0.55;1.05;0.345587333578;73.997250004
1537.0;-0.55;1.15;0.368141897438;71.9595037197
1538.0;-0.55;1.25;0.391603339355;71.7766980958
1539.0;-0.55;1.35;0.415351258964;72.3710177112
1540.0;-0.55;1.45;0.438555350915;72.0423159537
1541.0;-0.55;1.55;0.461023009583;70.1705345465
1542.0;-0.55;1.65;0.483487587838;68.1406036233
1543.0;-0.55;1.75;0.506457251985;67.1008448635
1544.0;-0.55;1.85;0.52967129995;66.6041432004
1545.0;-0.55;1.95;0.552960789571;66.2608838237
1546.0;-0.65;0.05;0.207929788214;213.309263845
1547.0;-0.65;0.15;0.218882335355;189.325532239
1548.0;-0.65;0.25;0.229157603617;166.009713191
1549.0;-0.65;0.35;0.241243234354;145.642136594
1550.0;-0.65;0.45;0.255500327362;127.882190652
1551.0;-0.65;0.55;0.270651449979;111.916273198
1552.0;-0.65;0.65;0.286420144099;97.922212375
1553.0;-0.65;0.75;0.303539297678;86.6633128996
1554.0;-0.65;0.85;0.322462045053;78.8701741642
1555.0;-0.65;0.95;0.343020976921;74.3027855843
1556.0;-0.65;1.05;0.364820730977;72.2343656516
1557.0;-0.65;1.15;0.387397430155;71.7404935558
1558.0;-0.65;1.25;0.410241803452;71.8353905865
1559.0;-0.65;1.35;0.432960583915;71.750292463
1560.0;-0.65;1.45;0.45537175476;71.0831569042
1561.0;-0.65;1.55;0.477534150398;69.8947206451
1562.0;-0.65;1.65;0.499674599085;68.6139514051
1563.0;-0.65;1.75;0.521998209221;67.6742631079
1564.0;-0.65;1.85;0.544536213027;67.1747986583
1565.0;-0.65;1.95;0.567120461566;66.7900444146
1566.0;-0.75;0.05;0.222689036371;189.770411457
1567.0;-0.75;0.15;0.233534170605;167.439395239
1568.0;-0.75;0.25;0.244610131512;145.130332004
1569.0;-0.75;0.35;0.257262221093;126.455154559
1570.0;-0.75;0.45;0.271698425529;111.140411662
1571.0;-0.75;0.55;0.287129927253;97.782714005
1572.0;-0.75;0.65;0.303537487148;86.6599142957
1573.0;-0.75;0.75;0.321642271012;78.8837443175
1574.0;-0.75;0.85;0.341638560809;74.4761209807
1575.0;-0.75;0.95;0.362917410266;72.5946198966
1576.0;-0.75;1.05;0.384800150392;72.0687411432
1577.0;-0.75;1.15;0.406838320426;71.9742463229
1578.0;-0.75;1.25;0.428705058859;71.5656400145
1579.0;-0.75;1.35;0.450387277145;70.7426547804
1580.0;-0.75;1.45;0.472180052887;70.0880869745
1581.0;-0.75;1.55;0.494211413943;69.9217708277
1582.0;-0.75;1.65;0.516249078535;69.8087165599
1583.0;-0.75;1.75;0.53814383883;69.4116104797
1584.0;-0.75;1.85;0.560009638306;68.945537859
1585.0;-0.75;1.95;0.581830396827;68.4002872229
1586.0;-0.85;0.05;0.237874250554;166.460906992
1587.0;-0.85;0.15;0.249200115057;146.46389882
1588.0;-0.85;0.25;0.26119675125;127.280319726
1589.0;-0.85;0.35;0.274325783958;110.637512748
1590.0;-0.85;0.45;0.288882223922;97.0804396794
1591.0;-0.85;0.55;0.304902580514;86.4394264872
1592.0;-0.85;0.65;0.322460262343;78.8665256067
1593.0;-0.85;0.75;0.341638230757;74.4754023201
1594.0;-0.85;0.85;0.36217707182;72.685445973
1595.0;-0.85;0.95;0.383425980919;72.1880450972
1596.0;-0.85;1.05;0.404782738687;72.0233896576
1597.0;-0.85;1.15;0.425999171119;71.6641668722
1598.0;-0.85;1.25;0.447066533498;71.00333314
1599.0;-0.85;1.35;0.468099986799;70.2247395007
1600.0;-0.85;1.45;0.48927421398;69.6938626657
1601.0;-0.85;1.55;0.510631068944;69.5405425127
1602.0;-0.85;1.65;0.532015604407;69.4741698184
1603.0;-0.85;1.75;0.553291374084;69.2017271277
1604.0;-0.85;1.85;0.574465103486;68.7195458744
1605.0;-0.85;1.95;0.595592102349;68.139478788
1606.0;-0.95;0.05;0.25374432707;144.477238134
1607.0;-0.95;0.15;0.265452059585;126.532289541
1608.0;-0.95;0.25;0.278630272388;111.402746681
1609.0;-0.95;0.35;0.292604736041;97.887744359
1610.0;-0.95;0.45;0.30759561989;86.4814781561
1611.0;-0.95;0.55;0.32437578599;78.5654057754
1612.0;-0.95;0.65;0.343020491846;74.3016543918
1613.0;-0.95;0.75;0.362917839341;72.5953491322
1614.0;-0.95;0.85;0.383426485194;72.1889591084
1615.0;-0.95;0.95;0.404087214811;72.1156724281
1616.0;-0.95;1.05;0.424616124837;71.7056871141
1617.0;-0.95;1.15;0.44501504189;71.048078586
1618.0;-0.95;1.25;0.465439818357;70.4230612164
1619.0;-0.95;1.35;0.485935053167;69.925916475
1620.0;-0.95;1.45;0.506424383139;69.4236276195
1621.0;-0.95;1.55;0.526872367385;68.8440908488
1622.0;-0.95;1.65;0.547328546823;68.2787102001
1623.0;-0.95;1.75;0.567807880671;67.7613753345
1624.0;-0.95;1.85;0.588262579126;67.1944906798
1625.0;-0.95;1.95;0.608729789445;66.6456825426
1626.0;-1.05;0.05;0.270637894076;124.550071415
1627.0;-1.05;0.15;0.282382195543;108.034715513
1628.0;-1.05;0.25;0.297111436967;97.4044841853
1629.0;-1.05;0.35;0.3123524901;87.8392954788
1630.0;-1.05;0.45;0.328102224608;79.2363922095
1631.0;-1.05;0.55;0.345587241724;73.9970770329
1632.0;-1.05;0.65;0.364820832462;72.234567963
1633.0;-1.05;0.75;0.384800906249;72.0702270783
1634.0;-1.05;0.85;0.404783468566;72.0248361161
1635.0;-1.05;0.95;0.424616364589;71.7061632571
1636.0;-1.05;1.05;0.44435734958;71.1773164963
1637.0;-1.05;1.15;0.46408546568;70.5203193887
1638.0;-1.05;1.25;0.483876907742;69.9796654818
1639.0;-1.05;1.35;0.503714999525;69.5338941768
1640.0;-1.05;1.45;0.523499545552;68.993020612
1641.0;-1.05;1.55;0.543196046705;68.2789255238
1642.0;-1.05;1.65;0.562879758054;67.5308600712
1643.0;-1.05;1.75;0.582609600373;66.8698739363
1644.0;-1.05;1.85;0.602373634318;66.2759539157
1645.0;-1.05;1.95;0.622167355321;65.7402547155
1646.0;-1.15;0.05;0.289288015153;107.886039835
1647.0;-1.15;0.15;0.30142864025;93.4734442744
1648.0;-1.15;0.25;0.317225702706;86.4647918641
1649.0;-1.15;0.35;0.333372772305;80.1032622515
1650.0;-1.15;0.45;0.350024122593;74.5682826392
1651.0;-1.15;0.55;0.368141303788;71.9584619261
1652.0;-1.15;0.65;0.387397134282;71.7400024767
1653.0;-1.15;0.75;0.406838713058;71.9750867193
1654.0;-1.15;0.85;0.425999607255;71.6650748965
1655.0;-1.15;0.95;0.445015081903;71.0481981305
1656.0;-1.15;1.05;0.464085328319;70.5200758249
1657.0;-1.15;1.15;0.48321194269;70.0980601436
1658.0;-1.15;1.25;0.502339241453;69.5970587694
1659.0;-1.15;1.35;0.521453953065;69.0683294376
1660.0;-1.15;1.45;0.540558233297;68.5177721594
1661.0;-1.15;1.55;0.559650539173;67.9454872297
1662.0;-1.15;1.65;0.578733523734;67.3553945148
1663.0;-1.15;1.75;0.597821297141;66.7714082338
1664.0;-1.15;1.85;0.616931250966;66.2299033102
1665.0;-1.15;1.95;0.63604317938;65.6949564332
1666.0;-1.25;0.05;0.310655130329;96.5144803442
1667.0;-1.25;0.15;0.324071310922;85.8819930597
1668.0;-1.25;0.25;0.338879624967;78.6494064628
1669.0;-1.25;0.35;0.355145190744;73.9119461895
1670.0;-1.25;0.45;0.372988924933;72.0032469849
1671.0;-1.25;0.55;0.391602337822;71.7747662643
1672.0;-1.25;0.65;0.41024112267;71.8340877968
1673.0;-1.25;0.75;0.428705086477;71.5657179393
1674.0;-1.25;0.85;0.447066679526;71.0036308171
1675.0;-1.25;0.95;0.465439665643;70.4227703651
1676.0;-1.25;1.05;0.483876628355;69.979123856
1677.0;-1.25;1.15;0.502339104028;69.5967965722
1678.0;-1.25;1.25;0.520777318075;69.1628743465
1679.0;-1.25;1.35;0.539197015258;68.6032146079
1680.0;-1.25;1.45;0.557635733928;68.0760827675
1681.0;-1.25;1.55;0.576103553172;67.6084736747
1682.0;-1.25;1.65;0.594572967808;67.1486814835
1683.0;-1.25;1.75;0.613026724456;66.6577252912
1684.0;-1.25;1.85;0.631474861089;66.1546136368
1685.0;-1.25;1.95;0.649909349744;65.6257598815
1686.0;-1.35;0.05;0.333898779538;89.314853979
1687.0;-1.35;0.15;0.348908647135;83.1694940206
1688.0;-1.35;0.25;0.361826710707;73.4527576698
1689.0;-1.35;0.35;0.377927939421;69.7051349097
1690.0;-1.35;0.45;0.396748792767;71.1734942581
1691.0;-1.35;0.55;0.415350468068;72.3694248923
1692.0;-1.35;0.65;0.432960048288;71.7491952843
1693.0;-1.35;0.75;0.45038734843;70.7427721243
1694.0;-1.35;0.85;0.468100149601;70.2250424233
1695.0;-1.35;0.95;0.485934946466;69.9256902493
1696.0;-1.35;1.05;0.503714774039;69.5334338696
1697.0;-1.35;1.15;0.521453851708;69.0681165546
1698.0;-1.35;1.25;0.539197032817;68.6032438329
1699.0;-1.35;1.35;0.556948241521;68.1461519098
1700.0;-1.35;1.45;0.574706800707;67.6210547932
1701.0;-1.35;1.55;0.592477557354;67.1206541358
1702.0;-1.35;1.65;0.610254406276;66.6343592124
1703.0;-1.35;1.75;0.628024275008;66.135491316
1704.0;-1.35;1.85;0.645782051144;65.6119234542
1705.0;-1.35;1.95;0.663537353294;65.0824472258
1706.0;-1.45;0.05;0.35654138805;81.4007042051
1707.0;-1.45;0.15;0.372502551326;78.5975100424
1708.0;-1.45;0.25;0.386353747868;71.2825030938
1709.0;-1.45;0.35;0.402720665992;69.3234799302
1710.0;-1.45;0.45;0.420912448144;71.2468996948
1711.0;-1.45;0.55;0.438554904943;72.0414167976
1712.0;-1.45;0.65;0.455371523552;71.0826707356
1713.0;-1.45;0.75;0.472180312578;70.0885797641
1714.0;-1.45;0.85;0.489274506507;69.6944253389
1715.0;-1.45;0.95;0.50642440294;69.4236441672
1716.0;-1.45;1.05;0.5234994397;68.9928035734
1717.0;-1.45;1.15;0.54055822634;68.5177486286
1718.0;-1.45;1.25;0.557635822658;68.0762546258
1719.0;-1.45;1.35;0.574706864708;67.6211783608
1720.0;-1.45;1.45;0.591761589023;67.1313995602
1721.0;-1.45;1.55;0.60881855011;66.5643965412
1722.0;-1.45;1.65;0.625888432051;66.0237071741
1723.0;-1.45;1.75;0.642959830624;65.4877421754
1724.0;-1.45;1.85;0.660020733586;64.9303373598
1725.0;-1.45;1.95;0.677086565919;64.3808057568
1726.0;-1.55;0.05;0.378097267972;71.015543604
1727.0;-1.55;0.15;0.394072818989;69.7066088752
1728.0;-1.55;0.25;0.412253878783;71.9364755691
1729.0;-1.55;0.35;0.429285643166;72.5348301688
1730.0;-1.55;0.45;0.445111930579;71.3600109424
1731.0;-1.55;0.55;0.461022650177;70.1698418707
1732.0;-1.55;0.65;0.477533984375;69.8944031208
1733.0;-1.55;0.75;0.494211682553;69.922315882
1734.0;-1.55;0.85;0.510631364109;69.5411367762
1735.0;-1.55;0.95;0.526872411476;68.8441812442
1736.0;-1.55;1.05;0.54319597242;68.2787865964
1737.0;-1.55;1.15;0.559650548705;67.9455001524
1738.0;-1.55;1.25;0.576103647333;67.608665352
1739.0;-1.55;1.35;0.592477628465;67.1207957653
1740.0;-1.55;1.45;0.60881856204;66.5644217555
1741.0;-1.55;1.55;0.625188610552;66.0578031791
1742.0;-1.55;1.65;0.641588307571;65.5358661611
1743.0;-1.55;1.75;0.657984108397;65.0091689215
1744.0;-1.55;1.85;0.674361107928;64.4447296906
1745.0;-1.55;1.95;0.690732339588;63.8668847992
1746.0;-1.65;0.05;0.401179543638;63.2138037156
1747.0;-1.65;0.15;0.416580738001;62.1711482676
1748.0;-1.65;0.25;0.43813478294;72.7561514909
1749.0;-1.65;0.35;0.455675407177;75.737980822
1750.0;-1.65;0.45;0.469284755134;71.3910458961
1751.0;-1.65;0.55;0.483487137472;68.1397153558
1752.0;-1.65;0.65;0.499674335501;68.6134510329
1753.0;-1.65;0.75;0.516249233786;69.8090339108
1754.0;-1.65;0.85;0.53201580093;69.4745756143
1755.0;-1.65;0.95;0.5473285266;68.2786786231
1756.0;-1.65;1.05;0.562879642715;67.5306414846
1757.0;-1.65;1.15;0.578733493072;67.3553347528
1758.0;-1.65;1.25;0.594573019197;67.1487893344
1759.0;-1.65;1.35;0.610254439717;66.6344333473
1760.0;-1.65;1.45;0.62588841446;66.0236726982
1761.0;-1.65;1.55;0.641588282696;65.5358126199
1762.0;-1.65;1.65;0.657336347992;65.1382114113
1763.0;-1.65;1.75;0.673067370819;64.6429701281
1764.0;-1.65;1.85;0.688764886871;64.0801859344
1765.0;-1.65;1.95;0.704450697879;63.4912921045
1766.0;-1.75;0.05;0.427231402661;61.2667023344
1767.0;-1.75;0.15;0.441970554173;60.2492423967
1768.0;-1.75;0.25;0.463301586921;72.1551685422
1769.0;-1.75;0.35;0.480669731248;76.2823432187
1770.0;-1.75;0.45;0.493351748186;71.2659101805
1771.0;-1.75;0.55;0.506456792443;67.0999382143
1772.0;-1.75;0.65;0.521997903577;67.6736668655
1773.0;-1.75;0.75;0.538143925741;69.4117862282
1774.0;-1.75;0.85;0.553291513035;69.2020106445
1775.0;-1.75;0.95;0.567807831185;67.7612867279
1776.0;-1.75;1.05;0.582609467498;66.8696157506
1777.0;-1.75;1.15;0.597821245009;66.7713005303
1778.0;-1.75;1.25;0.613026750902;66.6577851751
1779.0;-1.75;1.35;0.628024288193;66.1355234809
1780.0;-1.75;1.45;0.642959799179;65.4876755161
1781.0;-1.75;1.55;0.657984071217;65.0091008549
1782.0;-1.75;1.65;0.673067357651;64.6429503976
1783.0;-1.75;1.75;0.688119929681;64.213573562
1784.0;-1.75;1.85;0.703130637693;63.6364694889
1785.0;-1.75;1.95;0.718148199548;63.0680526718
1786.0;-1.85;0.05;0.454535381456;62.0718132335
1787.0;-1.85;0.15;0.468831058439;61.4960715076
1788.0;-1.85;0.25;0.488512913226;71.5558661531
1789.0;-1.85;0.35;0.504887160809;75.1572219167
1790.0;-1.85;0.45;0.517118732381;70.5733821977
1791.0;-1.85;0.55;0.529670903361;66.603353667
1792.0;-1.85;0.65;0.544535969398;67.174319734
1793.0;-1.85;0.75;0.560009755645;68.9457591425
1794.0;-1.85;0.85;0.57446525871;68.7198459086
1795.0;-1.85;0.95;0.588262552806;67.1944424602
1796.0;-1.85;1.05;0.602373527651;66.2757390301
1797.0;-1.85;1.15;0.616931217966;66.2298354793
1798.0;-1.85;1.25;0.631474898609;66.1546889925
1799.0;-1.85;1.35;0.645782074206;65.6119645095
1800.0;-1.85;1.45;0.660020714161;64.9302930943
1801.0;-1.85;1.55;0.674361082358;64.4446768065
1802.0;-1.85;1.65;0.688764883117;64.0801802137
1803.0;-1.85;1.75;0.703130645111;63.63647954
1804.0;-1.85;1.85;0.717458766153;63.1134872524
1805.0;-1.85;1.95;0.731822292669;62.5934619436
1806.0;-1.95;0.05;0.481687944727;62.6959350875
1807.0;-1.95;0.15;0.495464265945;62.4624443807
1808.0;-1.95;0.25;0.513752267178;71.066513501
1809.0;-1.95;0.35;0.529089796956;73.9290455358
1810.0;-1.95;0.45;0.540872069007;69.7990589024
1811.0;-1.95;0.55;0.552960454702;66.260217695
1812.0;-1.95;0.65;0.567120276862;66.7896814663
1813.0;-1.95;0.75;0.581830544441;68.4005793907
1814.0;-1.95;0.85;0.595592279515;68.1398347796
1815.0;-1.95;0.95;0.608729791738;66.6456797743
1816.0;-1.95;1.05;0.622167277499;65.7401025466
1817.0;-1.95;1.15;0.636043166239;65.6949138453
1818.0;-1.95;1.25;0.649909399909;65.6258562084
1819.0;-1.95;1.35;0.663537388454;65.082501453
1820.0;-1.95;1.45;0.677086560183;64.3807756906
1821.0;-1.95;1.55;0.690732326828;63.866859762
1822.0;-1.95;1.65;0.704450704312;63.4913073894
1823.0;-1.95;1.75;0.718148215583;63.0680951656
1824.0;-1.95;1.85;0.731822301167;62.593464818
1825.0;-1.95;1.95;0.74554035552;62.2029806112
1826.0;-0.2;2.2;0.568610576058;65.585847247
1827.0;-0.2;2.6;0.671339719536;64.3192843396
1828.0;-0.2;3.0;0.773975962241;62.8678149169
1829.0;-0.2;3.4;0.876598240235;61.3990073586
1830.0;-0.2;3.8;0.979446075979;60.3506367735
1831.0;-0.6;2.2;0.617177071732;65.206315144
1832.0;-0.6;2.6;0.708801340062;63.5005946937
1833.0;-0.6;3.0;0.800409108565;61.7626793746
1834.0;-0.6;3.4;0.892249666246;60.4567432836
1835.0;-0.6;3.8;0.984737761533;60.413705329
1836.0;-1.0;2.2;0.665756892918;64.8151537076
1837.0;-1.0;2.6;0.746317942808;62.7440597769
1838.0;-1.0;3.0;0.827107529088;61.1024533215
1839.0;-1.0;3.4;0.908546152812;60.7328943404
1840.0;-1.0;3.8;0.990216836134;60.8377095811
1841.0;-1.4;2.2;0.713822586346;63.3561789936
1842.0;-1.4;2.6;0.783684829045;61.6195071944
1843.0;-1.4;3.0;0.854196311954;61.1621487874
1844.0;-1.4;3.4;0.924936367271;61.1716118244
1845.0;-1.4;3.8;0.995669693865;61.1667038017
1846.0;-1.8;2.2;0.761930473987;61.9054528286
1847.0;-1.8;2.6;0.821556142447;61.4419805165
1848.0;-1.8;3.0;0.881414705464;61.4530359712
1849.0;-1.8;3.4;0.941262811604;61.4423976212
1850.0;-1.8;3.8;1.00111144795;61.4327843908
1851.0;-2.2;0.2;0.568610355215;65.5854302977
1852.0;-2.2;0.6;0.617176764807;65.20570291
1853.0;-2.2;1.0;0.665756821969;64.8150263502
1854.0;-2.2;1.4;0.713822586443;63.3561751207
1855.0;-2.2;1.8;0.761930478212;61.9054428172
1856.0;-2.2;2.2;0.810665359606;61.6486030029
1857.0;-2.2;2.6;0.859642065767;61.660953261
1858.0;-2.2;3.0;0.908612650299;61.6601853929
1859.0;-2.2;3.4;0.957581876914;61.6569165695
1860.0;-2.2;3.8;1.00655178726;61.654565088
1861.0;-2.6;0.2;0.671339482347;64.3188827825
1862.0;-2.6;0.6;0.708801093615;63.5000869143
1863.0;-2.6;1.0;0.746317889413;62.7439385578
1864.0;-2.6;1.4;0.783684832094;61.6195469419
1865.0;-2.6;1.8;0.821556147928;61.4420199071
1866.0;-2.6;2.2;0.85964206732;61.6609561391
1867.0;-2.6;2.6;0.897727755891;61.8358077971
1868.0;-2.6;3.0;0.935815522577;61.8344756338
1869.0;-2.6;3.4;0.973904019454;61.8344747924
1870.0;-2.6;3.8;1.01199259005;61.834612948
1871.0;-3.0;0.2;0.773975751043;62.8674007695
1872.0;-3.0;0.6;0.800408898895;61.76228475
1873.0;-3.0;1.0;0.827107487021;61.1022894032
1874.0;-3.0;1.4;0.854196317812;61.1621687492
1875.0;-3.0;1.8;0.881414712566;61.4530668839
1876.0;-3.0;2.2;0.908612653623;61.6601880192
1877.0;-3.0;2.6;0.935815524086;61.834466222
1878.0;-3.0;3.0;0.963021322643;61.9703893573
1879.0;-3.0;3.4;0.990227442677;61.970610866
1880.0;-3.0;3.8;1.01743362928;61.9706640206
1881.0;-3.4;0.2;0.876598085636;61.39873924
1882.0;-3.4;0.6;0.892249485734;60.4564993469
1883.0;-3.4;1.0;0.908546124571;60.7328171804
1884.0;-3.4;1.4;0.924936381929;61.1716024334
1885.0;-3.4;1.8;0.941262825508;61.4423925174
1886.0;-3.4;2.2;0.957581885766;61.6568912256
1887.0;-3.4;2.6;0.973904025954;61.8344662648
1888.0;-3.4;3.0;0.990227447204;61.9706702631
1889.0;-3.4;3.4;1.00655096445;62.0617562477
1890.0;-3.4;3.8;1.02287454197;62.0613951409
1891.0;-3.8;0.2;0.979445902726;60.3505104735
1892.0;-3.8;0.6;0.984737521715;60.4132810641
1893.0;-3.8;1.0;0.990216795422;60.8375801547
1894.0;-3.8;1.4;0.995669708556;61.1668365977
1895.0;-3.8;1.8;1.00111146262;61.4329171521
1896.0;-3.8;2.2;1.00655179652;61.6545359665
1897.0;-3.8;2.6;1.01199259655;61.8346416303
1898.0;-3.8;3.0;1.01743363408;61.9706221055
1899.0;-3.8;3.4;1.02287454273;62.0614580034
1900.0;-3.8;3.8;1.0283157927;62.1074861416
